{
    "name": "9000ED",
    "type": [
        "IDT"
    ],
    "primaries": {
        "B": [
            0.1545631131352114,
            0.04980782677193006
        ],
        "G": [
            0.2592033868597432,
            0.6664979208023043
        ],
        "R": [
            0.663589717958536,
            0.3242322523241127
        ]
    },
    "white_point": [
        0.3155023298961273,
        0.3318185981753798
    ],
    "gamma": 1.0
}