{
    "name": "9000ED",
    "type": [
        "IDT"
    ],
    "primaries": {
        "B": [
            0.1545932890902185,
            0.049740799191619486
        ],
        "G": [
            0.2591684962627692,
            0.6663747922597676
        ],
        "R": [
            0.663551345422069,
            0.324090422686828
        ]
    },
    "white_point": [
        0.32168,
        0.3376700000000001
    ],
    "gamma": 1.0
}