{
  "name": "DIR00_Ori",
  "type": [
    "IDT"
  ],
  "description": "用户自定义色彩空间",
  "primaries": {
    "R": [
      0.6635212396720807,
      0.32411816662609266
    ],
    "G": [
      0.2592092094845883,
      0.6664046572656293
    ],
    "B": [
      0.15456877810311512,
      0.049802203945821064
    ]
  },
  "white_point": [
    0.3127,
    0.329
  ],
  "gamma": 1.0
}