{
  "name": "fuji100_9000ed",
  "type": [
    "IDT"
  ],
  "description": "用户自定义色彩空间",
  "primaries": {
    "R": [
      0.6324740680937159,
      0.3260154634546959
    ],
    "G": [
      0.2742551682603608,
      0.8915486512455036
    ],
    "B": [
      0.17154663860655572,
      0.03735482454457863
    ]
  },
  "white_point": [
    0.3127,
    0.329
  ],
  "gamma": 1.0
}