{
  "name": "gold200_135_9000ed",
  "type": [
    "IDT"
  ],
  "description": "用户自定义色彩空间",
  "primaries": {
    "R": [
      0.581588028776074,
      0.36426277269238455
    ],
    "G": [
      0.2142122976330907,
      0.8930441467961822
    ],
    "B": [
      0.16967802977294877,
      0.07038771460452994
    ]
  },
  "white_point": [
    0.3127,
    0.329
  ],
  "gamma": 1.0
}