{
    "name": "Kodak2383",
    "type": ["IDT","regular","working_space"],
    "icc_profile": "sRGB Profile.icc",
    "primaries": {
        "R": [0.6793722285220385, 0.3144251767600739],
        "G": [0.25249108689540845,0.6898080814131717],
        "B": [0.15168387801166677,0.03670767619874616]
    },
    "white_point": [0.32168, 0.33767],
    "gamma": 1.0
}