{
    "name": "KodakEnduraPremier_gamma_2_2",
    "type": ["regular"],
    "icc_profile": "KodakEnduraPremier.icc",
    "primaries": {
        "R": [0.6635212396720807, 0.32411816662609266],
        "G": [0.2592092094845883, 0.6664046572656293],
        "B": [0.15456877810311515,0.049802203945821064]
    },
    "white_point": [0.32168, 0.33767],
    "gamma": 2.2
}