{
    "name": "KodakEnduraPremier",
    "type": ["IDT","regular","working_space"],
    "icc_profile": "sRGB Profile.icc",
    "primaries": {
        "R": [0.687734022695131, 0.30984781800386696],
        "G": [0.26439460564497735, 0.6872133341415776],
        "B": [0.15639746201364435, 0.026911917361637314]
    },
    "white_point": [0.32168, 0.33767],
    "gamma": 1.0
}