{
    "name": "KodakEnduraPremier",
    "type": ["IDT","regular","working_space"],
    "icc_profile": "sRGB Profile.icc",
    "primaries": {
        "R": [0.6635212396720807, 0.32411816662609266],
        "G": [0.2592092094845883, 0.6664046572656293],
        "B": [0.15456877810311515,0.049802203945821064]
    },
    "white_point": [0.32168, 0.33767],
    "gamma": 1.0
}