{
  "name": "u400_5000ed",
  "type": [
    "IDT"
  ],
  "description": "用户自定义色彩空间",
  "primaries": {
    "R": [
      0.6391586270832565,
      0.35020263796004075
    ],
    "G": [
      0.25679204832578695,
      0.733372576681841
    ],
    "B": [
      0.15867035571158164,
      0.009396224316939655
    ]
  },
  "white_point": [
    0.3127,
    0.329
  ],
  "gamma": 1.0
}