{
  "name": "u400_9000ed",
  "type": [
    "IDT"
  ],
  "description": "用户自定义色彩空间",
  "primaries": {
    "R": [
      0.6143185590812443,
      0.3413966617847906
    ],
    "G": [
      0.2912537339230999,
      0.9182481413112978
    ],
    "B": [
      0.18580558172716768,
      0.10476398068199234
    ]
  },
  "white_point": [
    0.3127,
    0.329
  ],
  "gamma": 1.0
}