{
  "name": "u400_9000ed",
  "type": [
    "IDT"
  ],
  "description": "用户自定义色彩空间",
  "primaries": {
    "R": [
      0.8230496851536453,
      0.3139729998441209
    ],
    "G": [
      0.3367340955857181,
      0.6508106672664241
    ],
    "B": [
      0.17920500508310536,
      0.015676535996159608
    ]
  },
  "white_point": [
    0.3127,
    0.329
  ],
  "gamma": 1.0
}