{
  "name": "Ultramax400_9000ED",
  "type": [
    "IDT"
  ],
  "description": "用户自定义色彩空间",
  "primaries": {
    "R": [
      0.8953742472628965,
      0.2090632715123022
    ],
    "G": [
      0.07113123114315177,
      0.9995215181824258
    ],
    "B": [
      0.14701566769965568,
      0.14636969524424706
    ]
  },
  "white_point": [
    0.3127,
    0.329
  ],
  "gamma": 1.0
}