{
  "name": "Ultramax400_5000ED",
  "type": [
    "IDT"
  ],
  "description": "用户自定义色彩空间",
  "primaries": {
    "R": [
      0.7809328736464637,
      0.24797783082908498
    ],
    "G": [
      0.11331269250741806,
      0.9999999592242362
    ],
    "B": [
      0.14935172468702987,
      0.19187662350453766
    ]
  },
  "white_point": [
    0.3127,
    0.329
  ],
  "gamma": 1.0
}