{
    "description": "ColorChecker 24+CIE D55光源在fujifilm_xtra_400_auc->kodak_endura_premier_d60_uc打印流程下，相纸上得到的理论密度（并取指数）",
    "type": "DensityExp",
    "required_working_colorspace": "KodakEnduraPremier",
    "Illuminant": "CIE D55",
    "data": {
        "A1": [
            0.177368627386423,
            0.084168270526188,
            0.068110244251498
        ],
        "A2": [
            0.503903094859539,
            0.273008626588122,
            0.227046368315355
        ],
        "A3": [
            0.147652053305094,
            0.209430965622184,
            0.329616946257708
        ],
        "A4": [
            0.129837356084143,
            0.159334915803753,
            0.068818623460322
        ],
        "A5": [
            0.239378335170782,
            0.225579274032094,
            0.403388432037565
        ],
        "A6": [
            0.224246001914023,
            0.538746122178309,
            0.416809895410753
        ],
        "B1": [
            0.604986787363159,
            0.176689048219207,
            0.055477549062042
        ],
        "B2": [
            0.090627789920584,
            0.118285904499315,
            0.377694183054006
        ],
        "B3": [
            0.47894933282856,
            0.084194681988639,
            0.125068463710772
        ],
        "B4": [
            0.109925349186409,
            0.05076346082222,
            0.140323563213897
        ],
        "B5": [
            0.378505986368754,
            0.449178924450445,
            0.09610744038835
        ],
        "B6": [
            0.660982834968495,
            0.313463361919364,
            0.065315807859431
        ],
        "C1": [
            0.044020800861552,
            0.056297816450497,
            0.292318986836403
        ],
        "C2": [
            0.136422606755592,
            0.298587387473895,
            0.093062523570976
        ],
        "C3": [
            0.427773629443343,
            0.041367646703174,
            0.048058240166778
        ],
        "C4": [
            0.763140567387826,
            0.45177497889422,
            0.071381439731812
        ],
        "C5": [
            0.442905509318197,
            0.095859267248852,
            0.275162392794272
        ],
        "C6": [
            0.081512343752761,
            0.258978681624165,
            0.396425314819475
        ],
        "D1": [
            0.773817298663381,
            0.881771004225968,
            0.763632593966774
        ],
        "D2": [
            0.526248902244875,
            0.58884366,
            0.541587715139352
        ],
        "D3": [
            0.345012033146512,
            0.366506958705483,
            0.350867174440143
        ],
        "D4": [
            0.19952623,
            0.19952623,
            0.19952623
        ],
        "D5": [
            0.10220800675485,
            0.095567846353588,
            0.102290496849517
        ],
        "D6": [
            0.042639764285002,
            0.033975153155827,
            0.040310039791834
        ]
    }
}