{
    "description": "ColorChecker 24+CIE D55光源在kodak_portra_800_auc->kodak_endura_premier_d60_uc打印流程下，相纸上得到的理论密度（并取指数）",
    "type": "DensityExp",
    "required_working_colorspace": "KodakEnduraPremier",
    "Illuminant": "CIE D55",
    "data": {
        "A1": [
            0.196630090807726,
            0.075239044567658,
            0.052430203193078
        ],
        "A2": [
            0.586253434323402,
            0.280655722241562,
            0.222618810163457
        ],
        "A3": [
            0.147517149999413,
            0.21723629289376,
            0.377142072532954
        ],
        "A4": [
            0.126498698476252,
            0.151910619868328,
            0.05128698258054
        ],
        "A5": [
            0.289201956888007,
            0.230912353032184,
            0.480830984719357
        ],
        "A6": [
            0.209705656243096,
            0.55438524336713,
            0.462441631086615
        ],
        "B1": [
            0.653521154352835,
            0.175665510968963,
            0.038482998982298
        ],
        "B2": [
            0.093294252525904,
            0.123899014751536,
            0.453921499902853
        ],
        "B3": [
            0.568094264852544,
            0.078654162906171,
            0.115618823229376
        ],
        "B4": [
            0.15044855400733,
            0.045022587448138,
            0.143579688554089
        ],
        "B5": [
            0.382217046885664,
            0.458905620167993,
            0.070844032873337
        ],
        "B6": [
            0.708216997786813,
            0.31882752345507,
            0.046175865234887
        ],
        "C1": [
            0.039269466343216,
            0.061667930653767,
            0.332654915045014
        ],
        "C2": [
            0.116140111943305,
            0.31402071272494,
            0.069400291225164
        ],
        "C3": [
            0.5711388287571,
            0.034414918691117,
            0.034077671488076
        ],
        "C4": [
            0.80620278932314,
            0.460046278469166,
            0.048564003784978
        ],
        "C5": [
            0.590240524590752,
            0.092185187743667,
            0.321905053305962
        ],
        "C6": [
            0.072575808974376,
            0.286696052835588,
            0.441774164130888
        ],
        "D1": [
            0.830185879326549,
            0.822553747687304,
            1.025540440634132
        ],
        "D2": [
            0.57313665392438,
            0.58884366,
            0.670775496376279
        ],
        "D3": [
            0.366659250758219,
            0.377662322261916,
            0.394958188376122
        ],
        "D4": [
            0.19952623,
            0.19952623,
            0.19952623
        ],
        "D5": [
            0.095708496538501,
            0.088535448475082,
            0.088498062205752
        ],
        "D6": [
            0.03652079017037,
            0.029580605588897,
            0.028112145439783
        ]
    }
}