{
    "description": "ColorChecker 24色块在ACEScg色彩空间的RGB值",
    "type": "XYZ",
    "color_space": "ACEScg (AP1 primaries, D60 white point)",
    "conversion_path": "Lab(D50) → XYZ(D50) → XYZ(D60) [Bradford] → ACEScg RGB",
    "white_point": "D50",
    "data": {
        "A1": [
            0.13573531854972634,
            0.08509454660016365,
            0.05818091296977241
        ],
        "A2": [
            0.45419618109911997,
            0.3005911887185065,
            0.23056476681878726
        ],
        "A3": [
            0.14604600928945485,
            0.19163968957532757,
            0.31570280461990446
        ],
        "A4": [
            0.11835394238509173,
            0.145321384649497,
            0.06360852347134777
        ],
        "A5": [
            0.22561242364409737,
            0.2168092086408718,
            0.40278685801778763
        ],
        "A6": [
            0.26636108794532953,
            0.4840914140545176,
            0.4183598281993795
        ],
        "B1": [
            0.507756363464606,
            0.22532850916029634,
            0.0574209525496454
        ],
        "B2": [
            0.09119711872180948,
            0.10575135068819774,
            0.3559002271520922
        ],
        "B3": [
            0.3808612196127808,
            0.11713281566147782,
            0.12297318965071784
        ],
        "B4": [
            0.08772787210447246,
            0.048002694227224724,
            0.1269957916565752
        ],
        "B5": [
            0.38030307309881195,
            0.4828442901382052,
            0.09981661401486625
        ],
        "B6": [
            0.5934898520659214,
            0.379672362212243,
            0.07100511788406394
        ],
        "C1": [
            0.041764947734080765,
            0.05360479936383886,
            0.2627153310727044
        ],
        "C2": [
            0.13229876571943336,
            0.2685841257484805,
            0.08852655041181165
        ],
        "C3": [
            0.29750432856715076,
            0.057500729748212985,
            0.04835748433317811
        ],
        "C4": [
            0.7241308836800651,
            0.5838485722897149,
            0.08423494481303871
        ],
        "C5": [
            0.3632891081530243,
            0.1166283585875548,
            0.27638048029485424
        ],
        "C6": [
            0.07024816550698874,
            0.21613131676066444,
            0.35276458682832246
        ],
        "D1": [
            0.8791659208479877,
            0.8839434183435292,
            0.8406780578397479
        ],
        "D2": [
            0.5870410260356339,
            0.5915166708093237,
            0.5852753533736028
        ],
        "D3": [
            0.3612024750311301,
            0.36638865397264525,
            0.3652800852085389
        ],
        "D4": [
            0.19032426940108513,
            0.19079466371435785,
            0.1899197126975993
        ],
        "D5": [
            0.08705690445471057,
            0.0885514781782821,
            0.08960006756735624
        ],
        "D6": [
            0.03144509844559294,
            0.03149652513787528,
            0.032209519343816474
        ]
    }
}

