{
    "description": "ColorChecker 24色块在ACEScg色彩空间的RGB值",
    "color_space": "ACEScg (AP1 primaries, D60 white point)",
    "conversion_path": "Lab(D50) → XYZ(D50) → XYZ(D60) [Bradford] → ACEScg RGB",
    "film_profile": "kodak_portra_400_auc",
    "paper_profile": "kodak_endura_premier_uc",
    "export_timestamp": "2025-09-08T17:18:13.146534",
    "processing_time_seconds": 0.0,
    "data": {
        "A1": [
            0.106119757423142,
            0.032020683063741,
            0.011592633597913
        ],
        "A2": [
            0.58840446586687,
            0.385398889707582,
            0.247265304198681
        ],
        "A3": [
            0.120549482913831,
            0.205099109908085,
            0.41764063806719
        ],
        "A4": [
            0.077514708482157,
            0.089049636293633,
            0.019166175578108
        ],
        "A5": [
            0.322680440067024,
            0.310348441288406,
            0.563588267467115
        ],
        "A6": [
            0.347277276240974,
            0.576225424438191,
            0.607775520319968
        ],
        "B1": [
            0.516336785540481,
            0.187442929428595,
            0.022038238445949
        ],
        "B2": [
            0.045805416328665,
            0.082320898320792,
            0.420198700093095
        ],
        "B3": [
            0.368195568248484,
            0.067202954984214,
            0.056786226281347
        ],
        "B4": [
            0.051185333001888,
            0.020602020117875,
            0.078223798075167
        ],
        "B5": [
            0.540177015082998,
            0.479867163552357,
            0.049738545552976
        ],
        "B6": [
            0.656593861696056,
            0.397630324951597,
            0.035229678078573
        ],
        "C1": [
            0.015079257001237,
            0.019652997560008,
            0.254492885086654
        ],
        "C2": [
            0.111558890863195,
            0.2286848900443,
            0.035791757494895
        ],
        "C3": [
            0.315746708771264,
            0.037358921083253,
            0.009815141758707
        ],
        "C4": [
            0.745645663412306,
            0.530629229498279,
            0.041840938862738
        ],
        "C5": [
            0.39906813480705,
            0.090268925134895,
            0.319344721465354
        ],
        "C6": [
            0.04615365651071,
            0.229203133318755,
            0.464785844563877
        ],
        "D1": [
            0.824162000927154,
            0.83149189387384,
            0.844914049124006
        ],
        "D2": [
            0.718383320835342,
            0.728108497533205,
            0.758008778972903
        ],
        "D3": [
            0.521666907853224,
            0.532891836222639,
            0.564626298409617
        ],
        "D4": [
            0.199527337800205,
            0.19952213453827,
            0.19952570676972
        ],
        "D5": [
            0.03321472544623,
            0.034254898315838,
            0.032261279149712
        ],
        "D6": [
            0.004432372323812,
            0.005672228354448,
            0.005000213844372
        ]
    }
}