{
  "name": "Kodak Ultra Endura",
  "description": "Kodak ultra endura e4044 2010",
  "version": 1,
  "curves": {
    "RGB": [
      [
        0.0,
        0.0
      ],
      [
        1.0,
        1.0
      ]
    ],
    "R": [
      [
        0.408501818765,
        0.475913100043
      ],
      [
        0.439477189626,
        0.477191522512
      ],
      [
        0.470452560487,
        0.481690920575
      ],
      [
        0.501427931347,
        0.486360065852
      ],
      [
        0.532403302208,
        0.495604405006
      ],
      [
        0.563378673068,
        0.51352313476
      ],
      [
        0.594354043929,
        0.56593259599
      ],
      [
        0.62532941479,
        0.666934207963
      ],
      [
        0.65630478565,
        0.792529285067
      ],
      [
        0.687280156511,
        0.89695725167
      ],
      [
        0.718255527372,
        0.956872325552
      ],
      [
        0.749230898232,
        0.984794036568
      ],
      [
        0.780206269093,
        0.995586967812
      ],
      [
        0.811181639953,
        0.999134220931
      ],
      [
        0.842157010814,
        0.999953129106
      ],
      [
        0.873132381675,
        0.999953129106
      ],
      [
        0.904107752535,
        0.999953129106
      ],
      [
        0.935083123396,
        0.999953129106
      ],
      [
        0.966058494257,
        0.999953129106
      ],
      [
        0.997033865117,
        1.0
      ]
    ],
    "G": [
      [
        0.40522726425,
        0.496523680174
      ],
      [
        0.436385625726,
        0.497712163343
      ],
      [
        0.467543987202,
        0.500980097368
      ],
      [
        0.498702348679,
        0.503090871487
      ],
      [
        0.529860710155,
        0.509352568235
      ],
      [
        0.561019071631,
        0.525019040842
      ],
      [
        0.592177433108,
        0.576627759533
      ],
      [
        0.623335794584,
        0.676696981871
      ],
      [
        0.65449415606,
        0.810497744625
      ],
      [
        0.685652517537,
        0.909767795893
      ],
      [
        0.716810879013,
        0.962831137855
      ],
      [
        0.747969240489,
        0.988043310728
      ],
      [
        0.779127601966,
        0.996806135077
      ],
      [
        0.810285963442,
        0.999431186517
      ],
      [
        0.841444324918,
        0.999695232252
      ],
      [
        0.872602686395,
        1.0
      ],
      [
        0.903761047871,
        1.0
      ],
      [
        0.934919409348,
        1.0
      ],
      [
        0.966077770824,
        1.0
      ],
      [
        0.9972361323,
        1.0
      ]
    ],
    "B": [
      [
        0.41220350858,
        0.503379708663
      ],
      [
        0.443033172359,
        0.503062026316
      ],
      [
        0.473862836138,
        0.504787047992
      ],
      [
        0.504692499918,
        0.506416283851
      ],
      [
        0.535522163697,
        0.51028403634
      ],
      [
        0.566351827476,
        0.525401339193
      ],
      [
        0.597181491256,
        0.576955783245
      ],
      [
        0.628011155035,
        0.68458804044
      ],
      [
        0.658840818814,
        0.821437664926
      ],
      [
        0.689670482594,
        0.919147174229
      ],
      [
        0.720500146373,
        0.968589896387
      ],
      [
        0.751329810152,
        0.990084541051
      ],
      [
        0.782159473932,
        0.996981452657
      ],
      [
        0.812989137711,
        0.999394461416
      ],
      [
        0.84381880149,
        0.999882872573
      ],
      [
        0.87464846527,
        0.999605088567
      ],
      [
        0.905478129049,
        0.999882872573
      ],
      [
        0.936307792828,
        0.999882872573
      ],
      [
        0.967137456608,
        0.999882872573
      ],
      [
        0.997967120387,
        1.0
      ]
    ]
  }
}