{
  "name": "糖水反差",
  "description": "很糖水片的高反差曲线",
  "version": 2,
  "curves": {
    "RGB": [
      [
        0.0,
        0.0
      ],
      [
        0.06203497023809524,
        0.007097192417739651
      ],
      [
        0.1605198187229437,
        0.05681665772532185
      ],
      [
        0.6015286796536796,
        0.8433699928469242
      ],
      [
        0.7005461985930735,
        0.9370752861230329
      ],
      [
        0.8503618777056277,
        0.985850321888412
      ],
      [
        1.0,
        0.9955013859084406
      ]
    ],
    "R": [
      [
        0.0,
        0.0
      ],
      [
        0.05319035749027237,
        0.010870261270491843
      ],
      [
        0.09697987597276264,
        0.026175076844262346
      ],
      [
        0.1845741123540856,
        0.09467853483606559
      ],
      [
        0.3729404790856031,
        0.3018058401639344
      ],
      [
        0.8111092534046692,
        0.7979636270491803
      ],
      [
        1.0,
        1.0
      ]
    ],
    "G": [
      [
        0.0,
        0.036485015368852514
      ],
      [
        0.09469236381322957,
        0.05243019979508201
      ],
      [
        0.18374574416342412,
        0.09445440573770492
      ],
      [
        0.37412603356031127,
        0.306000256147541
      ],
      [
        0.8101668895914397,
        0.7986360143442623
      ],
      [
        1.0,
        1.0
      ]
    ],
    "B": [
      [
        0.0,
        0.037829789959016424
      ],
      [
        0.09610590953307394,
        0.05380699282786883
      ],
      [
        0.18677802772373542,
        0.097320056352459
      ],
      [
        0.3764971425097276,
        0.3092181096311475
      ],
      [
        0.8096881079766537,
        0.7995485399590164
      ],
      [
        1.0,
        1.0
      ]
    ]
  }
}