{
  "name": "Kodak 2383",
  "description": "Kodak 2383 color print film",
  "version": 1,
  "curves": {
    "RGB": [
      [
        0.0,
        0.0
      ],
      [
        1.0,
        1.0
      ]
    ],
    "R": [
      [
        0.255522809817,
        0.152186415891
      ],
      [
        0.287897763392,
        0.153268304088
      ],
      [
        0.320272716967,
        0.155090211061
      ],
      [
        0.352647670543,
        0.164024294283
      ],
      [
        0.385022624118,
        0.182689532342
      ],
      [
        0.417397577694,
        0.217922944054
      ],
      [
        0.449772531269,
        0.278625970134
      ],
      [
        0.482147484844,
        0.374490027832
      ],
      [
        0.51452243842,
        0.510026495119
      ],
      [
        0.546897391995,
        0.660100511167
      ],
      [
        0.579272345571,
        0.79220234451
      ],
      [
        0.611647299146,
        0.888705279791
      ],
      [
        0.644022252721,
        0.938131098884
      ],
      [
        0.676397206297,
        0.965951562486
      ],
      [
        0.708772159872,
        0.982027486806
      ],
      [
        0.741147113448,
        0.991385798013
      ],
      [
        0.773522067023,
        0.99598470072
      ],
      [
        0.805897020598,
        0.998227179311
      ],
      [
        0.838271974174,
        0.999390500658
      ],
      [
        0.870646927749,
        1.0
      ]
    ],
    "G": [
      [
        0.316547027865,
        0.155978856239
      ],
      [
        0.34898621746,
        0.157190116501
      ],
      [
        0.381425407054,
        0.160236558067
      ],
      [
        0.413864596649,
        0.16879728997
      ],
      [
        0.446303786243,
        0.189374356222
      ],
      [
        0.478742975837,
        0.227474952191
      ],
      [
        0.511182165432,
        0.292306986997
      ],
      [
        0.543621355026,
        0.385260026653
      ],
      [
        0.576060544621,
        0.510451183338
      ],
      [
        0.608499734215,
        0.646131518464
      ],
      [
        0.640938923809,
        0.762799174529
      ],
      [
        0.673378113404,
        0.85650111446
      ],
      [
        0.705817302998,
        0.91673856751
      ],
      [
        0.738256492593,
        0.956783365091
      ],
      [
        0.770695682187,
        0.978488276026
      ],
      [
        0.803134871781,
        0.98888636265
      ],
      [
        0.835574061376,
        0.993589630304
      ],
      [
        0.86801325097,
        0.995316464328
      ],
      [
        0.900452440565,
        0.998062052274
      ],
      [
        0.932891630159,
        1.0
      ]
    ],
    "B": [
      [
        0.378181488095,
        0.165866290002
      ],
      [
        0.410717031718,
        0.16830658312
      ],
      [
        0.443252575341,
        0.172678517052
      ],
      [
        0.475788118964,
        0.180034271695
      ],
      [
        0.508323662586,
        0.192851689714
      ],
      [
        0.540859206209,
        0.218957432218
      ],
      [
        0.573394749832,
        0.268036702499
      ],
      [
        0.605930293455,
        0.354938373559
      ],
      [
        0.638465837078,
        0.491242225549
      ],
      [
        0.671001380701,
        0.642560843136
      ],
      [
        0.703536924324,
        0.774987250494
      ],
      [
        0.736072467947,
        0.866341777302
      ],
      [
        0.76860801157,
        0.919761933494
      ],
      [
        0.801143555192,
        0.956536815243
      ],
      [
        0.833679098815,
        0.978054327657
      ],
      [
        0.866214642438,
        0.989082624151
      ],
      [
        0.898750186061,
        0.994458247873
      ],
      [
        0.931285729684,
        0.996726539284
      ],
      [
        0.963821273307,
        0.998462348251
      ],
      [
        0.99635681693,
        1.0
      ]
    ]
  }
}