{
  "name": "Kodak Supra Endura",
  "description": "Kodak Supra Endura",
  "version": 1,
  "curves": {
    "RGB": [
      [
        0.0,
        0.0
      ],
      [
        1.0,
        1.0
      ]
    ],
    "R": [
      [
        0.405269738974,
        0.469296413309
      ],
      [
        0.43650021426,
        0.46372519682
      ],
      [
        0.467730689547,
        0.466175200187
      ],
      [
        0.498961164833,
        0.475059295384
      ],
      [
        0.530191640119,
        0.4921903278
      ],
      [
        0.561422115406,
        0.538273730462
      ],
      [
        0.592652590692,
        0.643294630308
      ],
      [
        0.623883065979,
        0.777354754509
      ],
      [
        0.655113541265,
        0.87106265478
      ],
      [
        0.686344016552,
        0.933499865699
      ],
      [
        0.717574491838,
        0.969759814431
      ],
      [
        0.748804967125,
        0.988847967516
      ],
      [
        0.780035442411,
        0.995787356181
      ],
      [
        0.811265917697,
        0.998880729082
      ],
      [
        0.842496392984,
        0.999390060792
      ],
      [
        0.87372686827,
        0.999796686931
      ],
      [
        0.904957343557,
        0.999796686931
      ],
      [
        0.936187818843,
        0.999796686931
      ],
      [
        0.96741829413,
        0.999854570421
      ],
      [
        0.998648769416,
        1.0
      ]
    ],
    "G": [
      [
        0.403257631177,
        0.479535041281
      ],
      [
        0.43435383009,
        0.477225632559
      ],
      [
        0.465450029003,
        0.483798634992
      ],
      [
        0.496546227916,
        0.498566402203
      ],
      [
        0.527642426829,
        0.523513656018
      ],
      [
        0.558738625742,
        0.572089665955
      ],
      [
        0.589834824655,
        0.660763653968
      ],
      [
        0.620931023568,
        0.780022932886
      ],
      [
        0.652027222481,
        0.871232184981
      ],
      [
        0.683123421394,
        0.929491140968
      ],
      [
        0.714219620307,
        0.966975609553
      ],
      [
        0.74531581922,
        0.987579372875
      ],
      [
        0.776412018133,
        0.995375844141
      ],
      [
        0.807508217046,
        0.998736391098
      ],
      [
        0.838604415959,
        0.999389841783
      ],
      [
        0.869700614872,
        0.999796613928
      ],
      [
        0.900796813785,
        0.999796613928
      ],
      [
        0.931893012698,
        0.999796613928
      ],
      [
        0.962989211611,
        0.999811431142
      ],
      [
        0.994085410524,
        1.0
      ]
    ],
    "B": [
      [
        0.402028051379,
        0.501297351004
      ],
      [
        0.433241454884,
        0.493417948477
      ],
      [
        0.464454858389,
        0.494530026006
      ],
      [
        0.495668261894,
        0.498394292634
      ],
      [
        0.526881665398,
        0.509230903811
      ],
      [
        0.558095068903,
        0.54253432885
      ],
      [
        0.589308472408,
        0.63022486918
      ],
      [
        0.620521875913,
        0.762626680631
      ],
      [
        0.651735279418,
        0.861481109474
      ],
      [
        0.682948682923,
        0.923728184035
      ],
      [
        0.714162086428,
        0.960892841687
      ],
      [
        0.745375489933,
        0.981942737389
      ],
      [
        0.776588893437,
        0.992259223681
      ],
      [
        0.807802296942,
        0.996688473189
      ],
      [
        0.839015700447,
        0.998540549732
      ],
      [
        0.870229103952,
        0.999520981775
      ],
      [
        0.901442507457,
        0.999593227856
      ],
      [
        0.932655910962,
        0.999951674968
      ],
      [
        0.963869314467,
        1.0
      ],
      [
        0.995082717972,
        0.999622283009
      ]
    ]
  }
}