{
  "name": "Kodak Portra Endura",
  "description": "e-4021 september 2009",
  "version": 1,
  "curves": {
    "RGB": [
      [
        0.0,
        0.0
      ],
      [
        1.0,
        1.0
      ]
    ],
    "R": [
      [
        0.405525583128,
        0.464697329475
      ],
      [
        0.436813710332,
        0.470287616414
      ],
      [
        0.468101837536,
        0.474397861032
      ],
      [
        0.49938996474,
        0.48245314173
      ],
      [
        0.530678091943,
        0.492040040124
      ],
      [
        0.561966219147,
        0.507742329033
      ],
      [
        0.593254346351,
        0.539129060176
      ],
      [
        0.624542473555,
        0.602301348153
      ],
      [
        0.655830600758,
        0.696205953071
      ],
      [
        0.687118727962,
        0.79602822739
      ],
      [
        0.718406855166,
        0.878739739419
      ],
      [
        0.74969498237,
        0.935568289049
      ],
      [
        0.780983109574,
        0.970360921262
      ],
      [
        0.812271236777,
        0.988607327457
      ],
      [
        0.843559363981,
        0.996081521347
      ],
      [
        0.874847491185,
        0.998749077348
      ],
      [
        0.906135618389,
        0.999388589592
      ],
      [
        0.937423745592,
        0.99955027426
      ],
      [
        0.968711872796,
        0.999693517599
      ],
      [
        1.0,
        1.0
      ]
    ],
    "G": [
      [
        0.403920784165,
        0.465750885493
      ],
      [
        0.434943196657,
        0.471350541174
      ],
      [
        0.46596560915,
        0.475577593657
      ],
      [
        0.496988021642,
        0.487530821388
      ],
      [
        0.528010434135,
        0.500553987093
      ],
      [
        0.559032846627,
        0.519912002301
      ],
      [
        0.59005525912,
        0.552309049653
      ],
      [
        0.621077671612,
        0.610600065913
      ],
      [
        0.652100084104,
        0.697208663317
      ],
      [
        0.683122496597,
        0.793854326748
      ],
      [
        0.714144909089,
        0.877544798021
      ],
      [
        0.745167321582,
        0.933673691106
      ],
      [
        0.776189734074,
        0.968426332852
      ],
      [
        0.807212146567,
        0.987141148094
      ],
      [
        0.838234559059,
        0.995617595445
      ],
      [
        0.869256971552,
        0.998634641564
      ],
      [
        0.900279384044,
        0.999654449324
      ],
      [
        0.931301796537,
        0.999923767998
      ],
      [
        0.962324209029,
        0.999319396896
      ],
      [
        0.993346621522,
        1.0
      ]
    ],
    "B": [
      [
        0.404006178997,
        0.515545629022
      ],
      [
        0.435012542647,
        0.517247540058
      ],
      [
        0.466018906297,
        0.518618920412
      ],
      [
        0.497025269947,
        0.521349504585
      ],
      [
        0.528031633597,
        0.525036488454
      ],
      [
        0.559037997247,
        0.532739366604
      ],
      [
        0.590044360897,
        0.553368009844
      ],
      [
        0.621050724547,
        0.607478716129
      ],
      [
        0.652057088197,
        0.699432523926
      ],
      [
        0.683063451847,
        0.800446830812
      ],
      [
        0.714069815497,
        0.883876792152
      ],
      [
        0.745076179147,
        0.938908778937
      ],
      [
        0.776082542797,
        0.970815674193
      ],
      [
        0.807088906447,
        0.987851450434
      ],
      [
        0.838095270097,
        0.995586102082
      ],
      [
        0.869101633747,
        0.998598215717
      ],
      [
        0.900107997397,
        0.999656549815
      ],
      [
        0.931114361047,
        1.0
      ],
      [
        0.962120724697,
        0.999695071993
      ],
      [
        0.993127088347,
        1.0
      ]
    ]
  }
}