{
  "name": "5000ED_Ultramax",
  "type": [
    "IDT"
  ],
  "description": "用户自定义色彩空间",
  "primaries": {
    "R": [
      0.7168996110931821,
      0.1594673938310308
    ],
    "G": [
      0.315242496806981,
      0.8756342121703917
    ],
    "B": [
      0.032424948829886745,
      6.809235057556115e-05
    ]
  },
  "white_point": [
    0.3127,
    0.329
  ],
  "gamma": 1.0
}