{
  "name": "5000ED_Ultramax",
  "type": [
    "IDT"
  ],
  "description": "用户自定义色彩空间",
  "primaries": {
    "R": [
      0.7165714696486233,
      0.2716635353075638
    ],
    "G": [
      0.33783436258017835,
      0.9999999710305383
    ],
    "B": [
      0.07668090635411015,
      0.0007284705834559797
    ]
  },
  "white_point": [
    0.3127,
    0.329
  ],
  "gamma": 1.0
}