{
  "name": "9000ED_Ultramax",
  "type": [
    "IDT"
  ],
  "description": "用户自定义色彩空间",
  "primaries": {
    "R": [
      0.7893116316601752,
      0.23030336057219625
    ],
    "G": [
      0.33211483726242025,
      0.9999993223693256
    ],
    "B": [
      0.09653066058899365,
      0.009901037131000308
    ]
  },
  "white_point": [
    0.3127,
    0.329
  ],
  "gamma": 1.0
}