{
  "name": "9000ED_Ultramax",
  "type": [
    "IDT"
  ],
  "description": "用户自定义色彩空间",
  "primaries": {
    "R": [
      0.7415014945996651,
      0.1165174309983646
    ],
    "G": [
      0.29672184029544346,
      0.8553497015883997
    ],
    "B": [
      0.034320198989259525,
      0.013700966553729814
    ]
  },
  "white_point": [
    0.3127,
    0.329
  ],
  "gamma": 1.0
}