{
  "name": "CCFLGeneric_Linear_custom",
  "type": [
    "IDT"
  ],
  "description": "用户自定义色彩空间",
  "primaries": {
    "R": [
      0.7374385608451876,
      0.10429739556781605
    ],
    "G": [
      0.3067765230955816,
      0.8830947597106239
    ],
    "B": [
      0.04996977498159467,
      0.025406905215685224
    ]
  },
  "white_point": [
    0.3127,
    0.329
  ],
  "gamma": 1.0
}