{
  "name": "Nikon5000ED_Linear",
  "primaries": {
    "R": [
      0.6408326030196807,
      0.3638182565757915
    ],
    "G": [
      0.30450346347099716,
      0.718075881409358
    ],
    "B": [
      0.10837761560400713,
      6.008151178623266e-13
    ]
  },
  "white_point": [
    0.3127,
    0.329
  ],
  "gamma": 1.0,
  "description": "5000ed, ultramax400, 0EV"
}