{
  "name": "Nikon9000ED_Ultramax",
  "description": "用户自定义色彩空间",
  "primaries": {
    "R": [
      0.6988304656440114,
      0.2576330156899022
    ],
    "G": [
      0.2575315263748783,
      0.9999991311876312
    ],
    "B": [
      0.05583589632587209,
      0.11998862729616226
    ]
  },
  "white_point": [
    0.3127,
    0.329
  ],
  "gamma": 1.0
}