{
  "name": "Nikon5000ED_Ultramax",
  "description": "用户自定义色彩空间",
  "primaries": {
    "R": [
      0.6144205114230524,
      0.29542544709139074
    ],
    "G": [
      0.2224057327694763,
      0.9999999999936818
    ],
    "B": [
      0.11632931829508474,
      8.773420864557555e-11
    ]
  },
  "white_point": [
    0.3127,
    0.329
  ],
  "gamma": 1.0
}