{
  "name": "Nikon5000ED_Ultramax",
  "description": "用户自定义色彩空间",
  "primaries": {
    "R": [
      0.7534090095453624,
      0.2531654005512602
    ],
    "G": [
      0.34360796263858395,
      0.9999999410405277
    ],
    "B": [
      0.12325023010992528,
      0.0627661493003359
    ]
  },
  "white_point": [
    0.3127,
    0.329
  ],
  "gamma": 1.0
}