{
  "name": "Nikon5000ED_Ultramax",
  "description": "用户自定义色彩空间",
  "primaries": {
    "R": [
      0.6781945739882539,
      0.32053787078748036
    ],
    "G": [
      0.30792254480957904,
      0.8041938423397772
    ],
    "B": [
      0.09415543676203361,
      0.01767315997327099
    ]
  },
  "white_point": [
    0.3127,
    0.329
  ],
  "gamma": 1.0
}