{
  "name": "Nikon5000ED_Ultramax",
  "description": "用户自定义色彩空间",
  "primaries": {
    "R": [
      0.6462793877610883,
      0.2964934460145508
    ],
    "G": [
      0.21017703981668867,
      0.9999999999996853
    ],
    "B": [
      0.09684672711334923,
      1.1688082940988505e-10
    ]
  },
  "white_point": [
    0.3127,
    0.329
  ],
  "gamma": 1.0
}