{
  "name": "Ultramax400_9000ED",
  "type": [
    "IDT"
  ],
  "description": "用户自定义色彩空间",
  "primaries": {
    "R": [
      0.7124867724937048,
      0.2718502254176072
    ],
    "G": [
      0.06263743787311257,
      0.9999991896924564
    ],
    "B": [
      0.13861437811270635,
      0.1680411811322664
    ]
  },
  "white_point": [
    0.3127,
    0.329
  ],
  "gamma": 1.0
}