{
    "description": "从图像中提取的色卡数据 - 2025-10-24 09:36",
    "type": "DensityExp",
    "required_working_colorspace": "KodakEnduraPremier",
    "data": {
        "A1": [
            0.1957467645406723,
            0.1038212850689888,
            0.10654793679714203
        ],
        "A2": [
            0.5880761742591858,
            0.3089814782142639,
            0.2802489697933197
        ],
        "A3": [
            0.1701677143573761,
            0.25191769003868103,
            0.3519301116466522
        ],
        "A4": [
            0.16205406188964844,
            0.19584770500659943,
            0.11050601303577423
        ],
        "A5": [
            0.2712063789367676,
            0.23632873594760895,
            0.38743942975997925
        ],
        "A6": [
            0.2442893087863922,
            0.6047743558883667,
            0.4494345486164093
        ],
        "B1": [
            0.7142230868339539,
            0.22533521056175232,
            0.11382920295000076
        ],
        "B2": [
            0.10188648104667664,
            0.14880861341953278,
            0.360087513923645
        ],
        "B3": [
            0.4663873612880707,
            0.1019090861082077,
            0.1678188592195511
        ],
        "B4": [
            0.14213836193084717,
            0.06234876066446304,
            0.15988647937774658
        ],
        "B5": [
            0.4770156443119049,
            0.5888956785202026,
            0.15777546167373657
        ],
        "B6": [
            0.7620550990104675,
            0.3785064220428467,
            0.12828359007835388
        ],
        "C1": [
            0.05237268656492233,
            0.0834282636642456,
            0.2525969445705414
        ],
        "C2": [
            0.17059573531150818,
            0.41381850838661194,
            0.13977770507335663
        ],
        "C3": [
            0.43233445286750793,
            0.05715665966272354,
            0.09030064940452576
        ],
        "C4": [
            0.75462406873703,
            0.5279591083526611,
            0.13837093114852905
        ],
        "C5": [
            0.41561681032180786,
            0.1125829666852951,
            0.2840268909931183
        ],
        "C6": [
            0.10405705869197845,
            0.30489832162857056,
            0.3746463656425476
        ],
        "D1": [
            0.8080679774284363,
            0.8784589171409607,
            0.8256629705429077
        ],
        "D2": [
            0.5433080196380615,
            0.6023811101913452,
            0.5952509045600891
        ],
        "D3": [
            0.3534693717956543,
            0.39865753054618835,
            0.3885437250137329
        ],
        "D4": [
            0.2061634361743927,
            0.22425398230552673,
            0.22304491698741913
        ],
        "D5": [
            0.10272818058729172,
            0.11052339524030685,
            0.12407141178846359
        ],
        "D6": [
            0.05049033835530281,
            0.05274779349565506,
            0.06759946793317795
        ]
    }
}