{
    "description": "ColorChecker 24+CIE D55光源在fujifilm_pro_400h_auc->kodak_endura_premier_d60_uc打印流程下，相纸上得到的理论密度（并取指数）",
    "type": "DensityExp",
    "required_working_colorspace": "KodakEnduraPremier",
    "Illuminant": "CIE D55",
    "data": {
        "A1": [
            0.177279329585301,
            0.081930193485102,
            0.05983799929598
        ],
        "A2": [
            0.521417543886917,
            0.278148295162499,
            0.220142358267252
        ],
        "A3": [
            0.143529251457716,
            0.212438014134058,
            0.354484424751818
        ],
        "A4": [
            0.123380948393657,
            0.16853210136943,
            0.058511760574686
        ],
        "A5": [
            0.241973383440875,
            0.224763081116732,
            0.442889470317273
        ],
        "A6": [
            0.220818819739773,
            0.561450830820124,
            0.423010494113619
        ],
        "B1": [
            0.611968905211206,
            0.175127461164819,
            0.044916556437353
        ],
        "B2": [
            0.083866855377538,
            0.118333511417012,
            0.428873489551259
        ],
        "B3": [
            0.499903925810166,
            0.080860068751643,
            0.121922880338783
        ],
        "B4": [
            0.104171865906559,
            0.048650271302888,
            0.149680925909148
        ],
        "B5": [
            0.382100002340436,
            0.501961312621624,
            0.076567614497938
        ],
        "B6": [
            0.660492990404673,
            0.334398614327843,
            0.052745048194775
        ],
        "C1": [
            0.035839633678998,
            0.056935560106349,
            0.334063257714395
        ],
        "C2": [
            0.127782633332436,
            0.334763279440882,
            0.075420562730191
        ],
        "C3": [
            0.440680044047504,
            0.038754586270498,
            0.040842439599137
        ],
        "C4": [
            0.750920047721313,
            0.511093725526448,
            0.054204058633472
        ],
        "C5": [
            0.460650575173012,
            0.092359570041091,
            0.306050133418758
        ],
        "C6": [
            0.072263093222284,
            0.279098079211024,
            0.417462253052542
        ],
        "D1": [
            0.773819886198655,
            0.865533460603888,
            0.84480607868623
        ],
        "D2": [
            0.541255676375539,
            0.58884366,
            0.582297101175809
        ],
        "D3": [
            0.354784623855729,
            0.368978865800637,
            0.365692164934429
        ],
        "D4": [
            0.19952623,
            0.19952623,
            0.19952623
        ],
        "D5": [
            0.096566670385093,
            0.094902826510798,
            0.096288504336342
        ],
        "D6": [
            0.034909208120048,
            0.033047077730371,
            0.034423802415531
        ]
    }
}