{
    "description": "ColorChecker 24+CIE D55光源在fujifilm_xtra_400_auc_noDIR->kodak_endura_premier_d60_uc打印流程下，相纸上得到的理论密度（并取指数）",
    "type": "DensityExp",
    "required_working_colorspace": "KodakEnduraPremier",
    "Illuminant": "CIE D55",
    "data": {
        "A1": [
            0.158183438105672,
            0.088328998219737,
            0.075435182156339
        ],
        "A2": [
            0.45284452671858,
            0.289650287027874,
            0.24637432942006
        ],
        "A3": [
            0.160792632525518,
            0.211958034269793,
            0.298221174122858
        ],
        "A4": [
            0.126752173401697,
            0.142902212170044,
            0.077733785198817
        ],
        "A5": [
            0.24714394396577,
            0.243660987898586,
            0.370521186944078
        ],
        "A6": [
            0.248617623674176,
            0.483218130905631,
            0.40199588203879
        ],
        "B1": [
            0.47093505128358,
            0.182983063690357,
            0.075228985097574
        ],
        "B2": [
            0.103490746085492,
            0.13044664834097,
            0.310516370168341
        ],
        "B3": [
            0.390130010493856,
            0.107236133447181,
            0.137308771347891
        ],
        "B4": [
            0.107419654323729,
            0.061138546944184,
            0.129114109475492
        ],
        "B5": [
            0.348578192705474,
            0.394344875065171,
            0.122568381799717
        ],
        "B6": [
            0.5340622462104,
            0.302380136815532,
            0.091081323497062
        ],
        "C1": [
            0.052510800628592,
            0.065220987167951,
            0.22513904425164
        ],
        "C2": [
            0.141529424348118,
            0.247548476764396,
            0.105465919404307
        ],
        "C3": [
            0.320271675349594,
            0.054466515097509,
            0.0582247741991
        ],
        "C4": [
            0.626419945620199,
            0.426096414273656,
            0.102818854377939
        ],
        "C5": [
            0.388665175951395,
            0.129524042978032,
            0.268258197257206
        ],
        "C6": [
            0.099941129774817,
            0.239089523385776,
            0.336836292434533
        ],
        "D1": [
            0.767364543415028,
            0.881949174861578,
            0.767503150617864
        ],
        "D2": [
            0.524414568326273,
            0.58884366,
            0.541786089055951
        ],
        "D3": [
            0.344282120817837,
            0.366583687278021,
            0.350905753792683
        ],
        "D4": [
            0.19952623,
            0.19952623,
            0.19952623
        ],
        "D5": [
            0.102502375049127,
            0.0956562327171,
            0.102164251040943
        ],
        "D6": [
            0.042680262465017,
            0.034192633615247,
            0.040335064632204
        ]
    }
}