{
    "description": "ColorChecker 24+CIE D55光源在fujifilm_pro_400h_auc_noDIR->kodak_endura_premier_d60_uc打印流程下，相纸上得到的理论密度（并取指数）",
    "type": "DensityExp",
    "required_working_colorspace": "KodakEnduraPremier",
    "Illuminant": "CIE D55",
    "data": {
        "A1": [
            0.156593506222511,
            0.086625080160433,
            0.06753002414537
        ],
        "A2": [
            0.471208646682029,
            0.293707978995723,
            0.241839077110866
        ],
        "A3": [
            0.157511476069068,
            0.213763385284528,
            0.316485099993811
        ],
        "A4": [
            0.121122557000081,
            0.148772418928204,
            0.068334690021706
        ],
        "A5": [
            0.249794735641515,
            0.242306159834754,
            0.400701703160294
        ],
        "A6": [
            0.247181363708536,
            0.501085373686426,
            0.411119334899906
        ],
        "B1": [
            0.487839283403314,
            0.181316572050036,
            0.064157104777043
        ],
        "B2": [
            0.097226169435191,
            0.129214370885522,
            0.341332868508452
        ],
        "B3": [
            0.411353892007592,
            0.103988034226659,
            0.134157730246594
        ],
        "B4": [
            0.101536277422332,
            0.059453679867838,
            0.13341550705063
        ],
        "B5": [
            0.354156555833474,
            0.431154704128265,
            0.104099643347092
        ],
        "B6": [
            0.547901597919696,
            0.316673714718588,
            0.078061732252562
        ],
        "C1": [
            0.044483812996129,
            0.064959980753234,
            0.245207680035277
        ],
        "C2": [
            0.134556528338312,
            0.269179048759487,
            0.089863746655275
        ],
        "C3": [
            0.333452149755348,
            0.052505798800106,
            0.050887497254412
        ],
        "C4": [
            0.635687414901118,
            0.467430576868694,
            0.084351897388538
        ],
        "C5": [
            0.405683801414774,
            0.125119557757728,
            0.291056368995751
        ],
        "C6": [
            0.092064459994092,
            0.251333032957537,
            0.351824254743631
        ],
        "D1": [
            0.767278705690759,
            0.864689390813708,
            0.848119887851475
        ],
        "D2": [
            0.539195044902982,
            0.58884366,
            0.581994358900387
        ],
        "D3": [
            0.353969313762775,
            0.369138524356465,
            0.365571260086301
        ],
        "D4": [
            0.19952623,
            0.19952623,
            0.19952623
        ],
        "D5": [
            0.096899527587296,
            0.094988197494009,
            0.096170752905582
        ],
        "D6": [
            0.034961594848485,
            0.033266075540603,
            0.03447919712622
        ]
    }
}