{
    "description": "ColorChecker 24+CIE D55光源在kodak_portra_160_auc->kodak_endura_premier_d60_uc打印流程下，相纸上得到的理论密度（并取指数）",
    "type": "EnduraDensityExp",
    "Illuminant": "CIE D55",
    "data": {
        "A1": [
            0.173619442308507,
            0.076983707982692,
            0.054871734638467
        ],
        "A2": [
            0.458445537806361,
            0.270532993392489,
            0.219753962757584
        ],
        "A3": [
            0.147865509727126,
            0.232992262648793,
            0.364848105656926
        ],
        "A4": [
            0.126932269655124,
            0.147712481545315,
            0.052863531592344
        ],
        "A5": [
            0.239990485874514,
            0.252988070042619,
            0.462107892814571
        ],
        "A6": [
            0.231901181431783,
            0.54316380094931,
            0.427647351439671
        ],
        "B1": [
            0.508985439312566,
            0.158752253816762,
            0.039930230575768
        ],
        "B2": [
            0.085641523330839,
            0.15987277287718,
            0.444040013588555
        ],
        "B3": [
            0.424819144123041,
            0.082672535507015,
            0.119776799280778
        ],
        "B4": [
            0.105132029351616,
            0.057853354727438,
            0.151578253645728
        ],
        "B5": [
            0.364856574750053,
            0.42538180940352,
            0.067200986034224
        ],
        "B6": [
            0.555062937472303,
            0.286378280168023,
            0.046902705438093
        ],
        "C1": [
            0.037201379425551,
            0.0912162975303,
            0.340042283641275
        ],
        "C2": [
            0.137472998274172,
            0.28886970307775,
            0.066328974535709
        ],
        "C3": [
            0.374031325314652,
            0.035589014591947,
            0.037207471116962
        ],
        "C4": [
            0.628828521704898,
            0.430284747832099,
            0.046554829243062
        ],
        "C5": [
            0.407154957037848,
            0.113191492345215,
            0.322498868338304
        ],
        "C6": [
            0.079693699198303,
            0.306029344775871,
            0.419741028440277
        ],
        "D1": [
            0.662427136446768,
            0.884309012736289,
            0.904870170855995
        ],
        "D2": [
            0.488123958503639,
            0.58884366,
            0.612003289659906
        ],
        "D3": [
            0.338154200276968,
            0.366804942672196,
            0.377002401137207
        ],
        "D4": [
            0.19952623,
            0.19952623,
            0.19952623
        ],
        "D5": [
            0.097678606007494,
            0.094195731664852,
            0.091648206177735
        ],
        "D6": [
            0.03600719735948,
            0.03217010641824,
            0.031178330377748
        ]
    }
}