{
    "description": "ColorChecker 24+CIE D55光源在kodak_ektar_100_auc->kodak_endura_premier_d60_uc打印流程下，相纸上得到的理论密度（并取指数）",
    "type": "EnduraDensityExp",
    "Illuminant": "CIE D55",
    "data": {
        "A1": [
            0.185549961919582,
            0.076505274217195,
            0.053289860175306
        ],
        "A2": [
            0.515688175257514,
            0.274256100529448,
            0.22213659374591
        ],
        "A3": [
            0.153340745150442,
            0.224694795276913,
            0.35104608119237
        ],
        "A4": [
            0.129697495633431,
            0.152149431723211,
            0.052382042336194
        ],
        "A5": [
            0.275202395275261,
            0.2409306990111,
            0.442724810684922
        ],
        "A6": [
            0.218489922953894,
            0.549413489015917,
            0.425580428764861
        ],
        "B1": [
            0.554252362287399,
            0.169477195412823,
            0.039621283600548
        ],
        "B2": [
            0.098498469396927,
            0.142768273996429,
            0.412765488993087
        ],
        "B3": [
            0.472896799454867,
            0.081844575892864,
            0.120104771369404
        ],
        "B4": [
            0.140645203361869,
            0.049706360278067,
            0.143270605387551
        ],
        "B5": [
            0.363397228379402,
            0.465877741929951,
            0.070477495534473
        ],
        "B6": [
            0.611171924006716,
            0.310481791987462,
            0.048549330234576
        ],
        "C1": [
            0.041629252830085,
            0.075450524306946,
            0.30850009017449
        ],
        "C2": [
            0.12486100791975,
            0.30747073133328,
            0.067308378946657
        ],
        "C3": [
            0.442803799655649,
            0.033405519961831,
            0.034048126216822
        ],
        "C4": [
            0.701933375105331,
            0.480280054422768,
            0.047746702928409
        ],
        "C5": [
            0.495393060104589,
            0.105844032825341,
            0.306832900777088
        ],
        "C6": [
            0.079785885392977,
            0.292933448732033,
            0.400626127906731
        ],
        "D1": [
            0.747282875962968,
            0.884562690755835,
            0.931607455950081
        ],
        "D2": [
            0.528626762391475,
            0.58884366,
            0.612892277518522
        ],
        "D3": [
            0.349801576472902,
            0.367557959253112,
            0.374096720158813
        ],
        "D4": [
            0.19952623,
            0.19952623,
            0.19952623
        ],
        "D5": [
            0.099669517515641,
            0.091968770692405,
            0.090522060496806
        ],
        "D6": [
            0.037822931507487,
            0.028562089853135,
            0.027168942387919
        ]
    }
}