{
    "description": "ColorChecker 24+CIE D55光源在kodak_vision3_250d_uc_noDIR->kodak_endura_premier_d60_uc打印流程下，相纸上得到的理论密度（并取指数）",
    "type": "DensityExp",
    "required_working_colorspace": "KodakEnduraPremier",
    "Illuminant": "CIE D55",
    "data": {
        "A1": [
            0.165160191187557,
            0.075867924308718,
            0.056002033990946
        ],
        "A2": [
            0.597760435507489,
            0.308993174437006,
            0.243443177702422
        ],
        "A3": [
            0.15564510379658,
            0.214281883486999,
            0.328075588389862
        ],
        "A4": [
            0.112785389678462,
            0.135355131993226,
            0.057490228188205
        ],
        "A5": [
            0.30866845469082,
            0.251097878897661,
            0.412797163723088
        ],
        "A6": [
            0.240238298817373,
            0.494725584952659,
            0.423587222215961
        ],
        "B1": [
            0.594468204744583,
            0.191835067658152,
            0.052680014417165
        ],
        "B2": [
            0.094057510932763,
            0.12323457243128,
            0.349091281857656
        ],
        "B3": [
            0.524798561317709,
            0.100847287030638,
            0.124447596314426
        ],
        "B4": [
            0.129483353493095,
            0.048277429310285,
            0.125789741662874
        ],
        "B5": [
            0.381224415212424,
            0.422801328550006,
            0.092411609138323
        ],
        "B6": [
            0.676928174791735,
            0.328337499042041,
            0.066717535922964
        ],
        "C1": [
            0.034988607904808,
            0.054209428503659,
            0.243877947304653
        ],
        "C2": [
            0.112172798766374,
            0.259209355113028,
            0.078323172683068
        ],
        "C3": [
            0.482259452227865,
            0.042450807500999,
            0.039100590731757
        ],
        "C4": [
            0.797461821571262,
            0.462405917418328,
            0.071681329405865
        ],
        "C5": [
            0.583089833047072,
            0.12607669058737,
            0.297061155166701
        ],
        "C6": [
            0.078199008693722,
            0.247363049066685,
            0.36123986205557
        ],
        "D1": [
            0.959196662856687,
            0.80043588765112,
            0.776656254400403
        ],
        "D2": [
            0.646137086603416,
            0.58884366,
            0.58108591284132
        ],
        "D3": [
            0.396542542503861,
            0.38318842520888,
            0.379948949929481
        ],
        "D4": [
            0.19952623,
            0.19952623,
            0.19952623
        ],
        "D5": [
            0.08283491411764,
            0.082210350103646,
            0.085437057172524
        ],
        "D6": [
            0.024820869120227,
            0.02236605488969,
            0.025020160575685
        ]
    }
}