{
    "description": "ColorChecker 24+CIE D55光源在kodak_gold_200_auc_noDIR->kodak_endura_premier_d60_uc打印流程下，相纸上得到的理论密度（并取指数）",
    "type": "DensityExp",
    "required_working_colorspace": "KodakEnduraPremier",
    "Illuminant": "CIE D55",
    "data": {
        "A1": [
            0.164326611301697,
            0.069528332087353,
            0.050924796592975
        ],
        "A2": [
            0.56957686266668,
            0.301877011897195,
            0.256844651814619
        ],
        "A3": [
            0.158694233323982,
            0.226489660328377,
            0.331471713543319
        ],
        "A4": [
            0.109328623954226,
            0.132434186863973,
            0.052953573382219
        ],
        "A5": [
            0.317878891809271,
            0.263312786711813,
            0.426035781814633
        ],
        "A6": [
            0.252015476575031,
            0.510358166396615,
            0.44821656164617
        ],
        "B1": [
            0.556829512945802,
            0.168507222791387,
            0.05048560040492
        ],
        "B2": [
            0.096211877622966,
            0.139307819469407,
            0.347264407359154
        ],
        "B3": [
            0.507958747945068,
            0.092472914762694,
            0.120764572382376
        ],
        "B4": [
            0.133744487673056,
            0.049982101129982,
            0.114774622844339
        ],
        "B5": [
            0.377591470165821,
            0.417843942916138,
            0.092624567575269
        ],
        "B6": [
            0.62687664957533,
            0.308474813308016,
            0.065419977057583
        ],
        "C1": [
            0.036541231111531,
            0.065776966418723,
            0.235329314823073
        ],
        "C2": [
            0.111822915491067,
            0.262424232259281,
            0.075060672263431
        ],
        "C3": [
            0.479392836360072,
            0.037478214731587,
            0.036049458941884
        ],
        "C4": [
            0.724322123431093,
            0.44513565175025,
            0.071890756063791
        ],
        "C5": [
            0.573306371985544,
            0.128481174777972,
            0.300867530279886
        ],
        "C6": [
            0.082578180496987,
            0.271357958578134,
            0.369776561349888
        ],
        "D1": [
            0.865586972603771,
            0.788474647354104,
            0.839647199969964
        ],
        "D2": [
            0.6171059691059,
            0.58884366,
            0.618449487732167
        ],
        "D3": [
            0.39544442468928,
            0.386362940026528,
            0.397899267421582
        ],
        "D4": [
            0.19952623,
            0.19952623,
            0.19952623
        ],
        "D5": [
            0.079241201481549,
            0.08022413540935,
            0.077940302026444
        ],
        "D6": [
            0.024080820133554,
            0.022057048031004,
            0.021887632302231
        ]
    }
}