{
    "description": "ColorChecker 24+CIE D55光源在kodak_vision3_250d_uc->kodak_endura_premier_d60_uc打印流程下，相纸上得到的理论密度（并取指数）",
    "type": "EnduraDensityExp",
    "Illuminant": "CIE D55",
    "data": {
        "A1": [
            0.19277647703144,
            0.070260767027495,
            0.046953161046019
        ],
        "A2": [
            0.667996344778199,
            0.293666250024836,
            0.220952252378007
        ],
        "A3": [
            0.140964128106715,
            0.211718349307652,
            0.364500428919198
        ],
        "A4": [
            0.116222929275482,
            0.153232247919281,
            0.04741477109087
        ],
        "A5": [
            0.308451218283928,
            0.230247722766751,
            0.445636919172145
        ],
        "A6": [
            0.214782224668027,
            0.538030950659411,
            0.446405471196493
        ],
        "B1": [
            0.748601914211354,
            0.189432784097169,
            0.034186006097401
        ],
        "B2": [
            0.080041462582752,
            0.109982362555498,
            0.41915592386262
        ],
        "B3": [
            0.638016930033718,
            0.076165577463861,
            0.108480273335605
        ],
        "B4": [
            0.139989088080611,
            0.035567915076599,
            0.134702934192017
        ],
        "B5": [
            0.420762671791828,
            0.471040124138033,
            0.06643785276361
        ],
        "B6": [
            0.821511442262436,
            0.343702928218553,
            0.042675924348695
        ],
        "C1": [
            0.026733069502793,
            0.045628898014093,
            0.319338423334477
        ],
        "C2": [
            0.104827503234844,
            0.31749472446503,
            0.064768395905004
        ],
        "C3": [
            0.645496071034425,
            0.028958624752654,
            0.028304089142681
        ],
        "C4": [
            0.949893443244108,
            0.486088341381526,
            0.044000169076752
        ],
        "C5": [
            0.665523835945465,
            0.088483808378184,
            0.301633756362531
        ],
        "C6": [
            0.059167274005929,
            0.272027347815814,
            0.423449710596307
        ],
        "D1": [
            0.990516450606602,
            0.79932814578008,
            0.801352498126231
        ],
        "D2": [
            0.661335567669027,
            0.58884366,
            0.596437868048954
        ],
        "D3": [
            0.402188148267139,
            0.383555257857041,
            0.38573891758989
        ],
        "D4": [
            0.19952623,
            0.19952623,
            0.19952623
        ],
        "D5": [
            0.081295614054714,
            0.081491609878135,
            0.084120271231409
        ],
        "D6": [
            0.024017261884741,
            0.021585467129216,
            0.023968148461556
        ]
    }
}