{
    "description": "ColorChecker 24+CIE D55光源在kodak_vision3_500t_uc_noDIR->kodak_endura_premier_d60_uc打印流程下，相纸上得到的理论密度（并取指数）",
    "type": "DensityExp",
    "required_working_colorspace": "KodakEnduraPremier",
    "Illuminant": "CIE D55",
    "data": {
        "A1": [
            0.15209108899441,
            0.068377457546982,
            0.058392738586249
        ],
        "A2": [
            0.793093012389738,
            0.32423688857778,
            0.240268631883745
        ],
        "A3": [
            0.143578198836299,
            0.213008073662238,
            0.284790538705495
        ],
        "A4": [
            0.095245405834558,
            0.125620961786848,
            0.063091681643933
        ],
        "A5": [
            0.332062887714302,
            0.256936766352059,
            0.330577216200738
        ],
        "A6": [
            0.262394327446545,
            0.486084478969998,
            0.358574480768444
        ],
        "B1": [
            0.809088413806956,
            0.19667093789271,
            0.058130073612542
        ],
        "B2": [
            0.073157941634755,
            0.118125093254134,
            0.279367539314723
        ],
        "B3": [
            0.683043288387539,
            0.100642050082502,
            0.126841810142791
        ],
        "B4": [
            0.102901129457624,
            0.041228678464961,
            0.121658335061766
        ],
        "B5": [
            0.463043576114765,
            0.425602653543298,
            0.116857445047962
        ],
        "B6": [
            0.94254656728552,
            0.337642432010953,
            0.077053781857021
        ],
        "C1": [
            0.02084602825422,
            0.046692285084816,
            0.202186631008138
        ],
        "C2": [
            0.101263593491218,
            0.252398024323692,
            0.097833210751496
        ],
        "C3": [
            0.597616134269842,
            0.0366111996159,
            0.037659297452238
        ],
        "C4": [
            1.15337673499947,
            0.474599322457446,
            0.09239305445417
        ],
        "C5": [
            0.754265031922884,
            0.129343154652298,
            0.252346903811943
        ],
        "C6": [
            0.061655633820325,
            0.241066274273892,
            0.307538552314009
        ],
        "D1": [
            1.455303307456599,
            0.775722367639228,
            0.504504700198267
        ],
        "D2": [
            0.885986228141963,
            0.58884366,
            0.428902600671013
        ],
        "D3": [
            0.478462022336501,
            0.391093822258201,
            0.326697568927561
        ],
        "D4": [
            0.19952623,
            0.19952623,
            0.19952623
        ],
        "D5": [
            0.064463876284425,
            0.073498070332907,
            0.089732600350194
        ],
        "D6": [
            0.013586979338449,
            0.015291158543591,
            0.022537170089247
        ]
    }
}