{
    "description": "ColorChecker 24+CIE D55光源在kodak_vision3_500t_uc->kodak_endura_premier_d60_uc打印流程下，相纸上得到的理论密度（并取指数）",
    "type": "EnduraDensityExp",
    "Illuminant": "CIE D55",
    "data": {
        "A1": [
            0.174386907840846,
            0.060736778286041,
            0.05504047351114
        ],
        "A2": [
            1.029120953152502,
            0.312961810607752,
            0.223750144056768
        ],
        "A3": [
            0.126044900319231,
            0.213626155513349,
            0.284227435562386
        ],
        "A4": [
            0.089399528271973,
            0.138509284856991,
            0.06002253933105
        ],
        "A5": [
            0.35642505755531,
            0.244977125449249,
            0.316232359664666
        ],
        "A6": [
            0.245783746809693,
            0.513675957052198,
            0.344138858821504
        ],
        "B1": [
            1.186267231608005,
            0.192618364803969,
            0.043684029896777
        ],
        "B2": [
            0.055977274055975,
            0.108246052333834,
            0.28253498304366
        ],
        "B3": [
            0.967866046719801,
            0.074608640674071,
            0.116704774460214
        ],
        "B4": [
            0.104474418808057,
            0.028344297658013,
            0.127445999304118
        ],
        "B5": [
            0.551378967988206,
            0.457959152829345,
            0.100525642364178
        ],
        "B6": [
            1.335768931895048,
            0.348463940079406,
            0.058386860658158
        ],
        "C1": [
            0.012326895539569,
            0.038373482201215,
            0.219590085110448
        ],
        "C2": [
            0.085731606960581,
            0.294632537914412,
            0.09455042925509
        ],
        "C3": [
            0.948714145602845,
            0.022403335142022,
            0.029903861650993
        ],
        "C4": [
            1.618900884930304,
            0.489268390054216,
            0.069783925569962
        ],
        "C5": [
            1.021473007951515,
            0.093423101158659,
            0.23460651276762
        ],
        "C6": [
            0.040770903785832,
            0.263483203361492,
            0.313823722870879
        ],
        "D1": [
            1.876728996977851,
            0.766032962824364,
            0.45221037242721
        ],
        "D2": [
            1.083603703430141,
            0.58884366,
            0.39311402916774
        ],
        "D3": [
            0.540440496167705,
            0.394149970326023,
            0.309838648937133
        ],
        "D4": [
            0.19952623,
            0.19952623,
            0.19952623
        ],
        "D5": [
            0.055477458523211,
            0.070192750061295,
            0.095287372712817
        ],
        "D6": [
            0.009934508495993,
            0.012997856717545,
            0.024347119657706
        ]
    }
}