{
    "description": "ColorChecker 24+CIE D55光源在kodak_portra_400_auc->kodak_endura_premier_d60_uc打印流程下，相纸上得到的理论密度（并取指数）",
    "type": "DensityExp",
    "required_working_colorspace": "KodakEnduraPremier",
    "Illuminant": "CIE D55",
    "data": {
        "A1": [
            0.184609329253837,
            0.081485470915516,
            0.060829345784635
        ],
        "A2": [
            0.563810462603667,
            0.272841499113125,
            0.218152385799964
        ],
        "A3": [
            0.148508017462009,
            0.227259546362415,
            0.348889403611157
        ],
        "A4": [
            0.128102151883239,
            0.154228348114341,
            0.059940005397954
        ],
        "A5": [
            0.263111366586696,
            0.243878843444214,
            0.44075441236889
        ],
        "A6": [
            0.222838273450198,
            0.559762103573071,
            0.411525691263456
        ],
        "B1": [
            0.654779262797553,
            0.163091418156771,
            0.047824593645348
        ],
        "B2": [
            0.090475251494715,
            0.150637621988894,
            0.407563070676128
        ],
        "B3": [
            0.544160812791793,
            0.087507148027876,
            0.125109848957079
        ],
        "B4": [
            0.127976215291668,
            0.057385147900093,
            0.150290358665173
        ],
        "B5": [
            0.385828798766233,
            0.467556937118933,
            0.076851379603351
        ],
        "B6": [
            0.721060187682886,
            0.298828006355991,
            0.057057635924263
        ],
        "C1": [
            0.039192436873275,
            0.086239711333703,
            0.30037567247988
        ],
        "C2": [
            0.12958803264551,
            0.307957831732992,
            0.072956609226833
        ],
        "C3": [
            0.528673553651348,
            0.039924571467794,
            0.041592166832745
        ],
        "C4": [
            0.85266718464913,
            0.474870680774075,
            0.055513260916173
        ],
        "C5": [
            0.54318186208328,
            0.110981860096746,
            0.311344945171482
        ],
        "C6": [
            0.078553037387917,
            0.302298026972155,
            0.383754546169021
        ],
        "D1": [
            0.874685207550825,
            0.895509613674444,
            0.90803790845776
        ],
        "D2": [
            0.569343475292676,
            0.58884366,
            0.606379853332818
        ],
        "D3": [
            0.35846233420523,
            0.364252188131199,
            0.370830406324808
        ],
        "D4": [
            0.19952623,
            0.19952623,
            0.19952623
        ],
        "D5": [
            0.097894538842221,
            0.097122765031973,
            0.095811538148125
        ],
        "D6": [
            0.037187512557938,
            0.034849077207773,
            0.033421289163798
        ]
    }
}