{
    "description": "ColorChecker 24+CIE D55光源在kodak_vision3_50d_uc_noDIR->kodak_endura_premier_d60_uc打印流程下，相纸上得到的理论密度（并取指数）",
    "type": "DensityExp",
    "required_working_colorspace": "KodakEnduraPremier",
    "Illuminant": "CIE D55",
    "data": {
        "A1": [
            0.158679350389196,
            0.073881089798721,
            0.054321511009944
        ],
        "A2": [
            0.57041244674979,
            0.310782073052823,
            0.245167898087422
        ],
        "A3": [
            0.156997379395136,
            0.211546212153572,
            0.32400130456423
        ],
        "A4": [
            0.110555553332393,
            0.138404522741181,
            0.055756608300311
        ],
        "A5": [
            0.302771442657447,
            0.246689925665837,
            0.405381843069841
        ],
        "A6": [
            0.243600340315312,
            0.501095876493412,
            0.418862115213475
        ],
        "B1": [
            0.549812464216207,
            0.192107586437321,
            0.051069769557913
        ],
        "B2": [
            0.09447490198356,
            0.115238066548318,
            0.344035194766333
        ],
        "B3": [
            0.492267347531054,
            0.096200173806894,
            0.123723640153695
        ],
        "B4": [
            0.121568292100821,
            0.044761132657174,
            0.1222829137167
        ],
        "B5": [
            0.368412000017446,
            0.435609554020893,
            0.090147512038478
        ],
        "B6": [
            0.625989755144879,
            0.3368864532113,
            0.064965103861592
        ],
        "C1": [
            0.037383581787599,
            0.048030953587636,
            0.243738284851963
        ],
        "C2": [
            0.111933667131796,
            0.267697951228468,
            0.075848615901794
        ],
        "C3": [
            0.433704032636107,
            0.040500085598746,
            0.037827979987212
        ],
        "C4": [
            0.728938196504875,
            0.472852641596522,
            0.068969282761012
        ],
        "C5": [
            0.546593878862981,
            0.117897097263651,
            0.292195902552328
        ],
        "C6": [
            0.081169992671397,
            0.245883249491127,
            0.359771150584473
        ],
        "D1": [
            0.910960258052302,
            0.792916347732954,
            0.733989078079778
        ],
        "D2": [
            0.6314226497063,
            0.58884366,
            0.561174772960903
        ],
        "D3": [
            0.394768445387808,
            0.385683210605046,
            0.375496550371225
        ],
        "D4": [
            0.19952623,
            0.19952623,
            0.19952623
        ],
        "D5": [
            0.083269685211587,
            0.080206059238095,
            0.083879505036487
        ],
        "D6": [
            0.026031963801807,
            0.021699698056432,
            0.024024738790318
        ]
    }
}