{
    "description": "ColorChecker 24+CIE D55光源在kodak_portra_800_auc_noDIR->kodak_endura_premier_d60_uc打印流程下，相纸上得到的理论密度（并取指数）",
    "type": "DensityExp",
    "required_working_colorspace": "KodakEnduraPremier",
    "Illuminant": "CIE D55",
    "data": {
        "A1": [
            0.171861372730373,
            0.081839750931154,
            0.061291845531241
        ],
        "A2": [
            0.536169622708508,
            0.30110666457502,
            0.248923088026603
        ],
        "A3": [
            0.160791129629919,
            0.216555189821381,
            0.330557506975651
        ],
        "A4": [
            0.122344229577193,
            0.139723082726865,
            0.061683137201562
        ],
        "A5": [
            0.293352867443172,
            0.249881649235624,
            0.431724099984793
        ],
        "A6": [
            0.234991354821566,
            0.500843253237769,
            0.438551390377178
        ],
        "B1": [
            0.536397422859548,
            0.190318599512142,
            0.058554727837487
        ],
        "B2": [
            0.105937843882657,
            0.132910925104407,
            0.354166063072072
        ],
        "B3": [
            0.48577492857954,
            0.102804925645492,
            0.131282473119799
        ],
        "B4": [
            0.140642774367723,
            0.056400536094372,
            0.131253442101607
        ],
        "B5": [
            0.352464586367991,
            0.430672452568827,
            0.099634375900277
        ],
        "B6": [
            0.59880627502093,
            0.32648629859481,
            0.072608425980807
        ],
        "C1": [
            0.047648416406912,
            0.067385808634276,
            0.240925302910101
        ],
        "C2": [
            0.122314844816822,
            0.265892172178698,
            0.084258688334649
        ],
        "C3": [
            0.456917489299353,
            0.048382736711508,
            0.045357831668406
        ],
        "C4": [
            0.694644827612992,
            0.471242443707676,
            0.079953946563293
        ],
        "C5": [
            0.536075074865484,
            0.127586902068791,
            0.309963413135064
        ],
        "C6": [
            0.090585027434419,
            0.255457356457372,
            0.363571203582359
        ],
        "D1": [
            0.834869943065445,
            0.824014599221404,
            1.001384078129283
        ],
        "D2": [
            0.575248255671646,
            0.58884366,
            0.656681286150427
        ],
        "D3": [
            0.366913022910504,
            0.377252951809356,
            0.390390455428822
        ],
        "D4": [
            0.19952623,
            0.19952623,
            0.19952623
        ],
        "D5": [
            0.095810079191521,
            0.089299838477498,
            0.089411210229859
        ],
        "D6": [
            0.036290011520866,
            0.030485501976807,
            0.028989931805851
        ]
    }
}