{
    "description": "ColorChecker 24+CIE D55光源在kodak_portra_400_auc_noDIR->kodak_endura_premier_d60_uc打印流程下，相纸上得到的理论密度（并取指数）",
    "type": "DensityExp",
    "required_working_colorspace": "KodakEnduraPremier",
    "Illuminant": "CIE D55",
    "data": {
        "A1": [
            0.164437116598193,
            0.086307996872485,
            0.06803062351263
        ],
        "A2": [
            0.511940332764019,
            0.288602994754837,
            0.23984719901895
        ],
        "A3": [
            0.160897017731976,
            0.226351472755785,
            0.317472448943952
        ],
        "A4": [
            0.123251553428077,
            0.14085844904476,
            0.068611643826879
        ],
        "A5": [
            0.271401406787455,
            0.259017196421784,
            0.407796895431414
        ],
        "A6": [
            0.245354147680283,
            0.4958903249759,
            0.403454104838061
        ],
        "B1": [
            0.520362453610981,
            0.171712849396979,
            0.065995904593919
        ],
        "B2": [
            0.103046477711877,
            0.156780481044029,
            0.338703688372458
        ],
        "B3": [
            0.45624446169058,
            0.10917073621782,
            0.13758353511301
        ],
        "B4": [
            0.123298087549506,
            0.06805117616317,
            0.138660121036427
        ],
        "B5": [
            0.354304211052205,
            0.401351535829424,
            0.101336783667584
        ],
        "B6": [
            0.59013122050843,
            0.290443666943256,
            0.080970146179203
        ],
        "C1": [
            0.047258940289004,
            0.08986816870866,
            0.236559777167457
        ],
        "C2": [
            0.132084628153635,
            0.254026695518281,
            0.085635591712384
        ],
        "C3": [
            0.40695462582229,
            0.053105364477703,
            0.051725058761462
        ],
        "C4": [
            0.702360224316042,
            0.436001189165625,
            0.083743144538733
        ],
        "C5": [
            0.487805816445277,
            0.143409158824845,
            0.305044989394832
        ],
        "C6": [
            0.095417155369182,
            0.271267285576529,
            0.33527420084173
        ],
        "D1": [
            0.885259578784319,
            0.895771448707052,
            0.922179497917663
        ],
        "D2": [
            0.575826908678189,
            0.58884366,
            0.610268496817876
        ],
        "D3": [
            0.360665847508965,
            0.36440291083305,
            0.371741580148013
        ],
        "D4": [
            0.19952623,
            0.19952623,
            0.19952623
        ],
        "D5": [
            0.097227245102568,
            0.097055248193654,
            0.095863563332098
        ],
        "D6": [
            0.036367797711888,
            0.034915221919463,
            0.033611185470759
        ]
    }
}