{
    "description": "ColorChecker 24+CIE D55光源在kodak_vision3_50d_uc->kodak_endura_premier_d60_uc打印流程下，相纸上得到的理论密度（并取指数）",
    "type": "DensityExp",
    "required_working_colorspace": "KodakEnduraPremier",
    "Illuminant": "CIE D55",
    "data": {
        "A1": [
            0.185971064361645,
            0.06849537478522,
            0.045454472191653
        ],
        "A2": [
            0.627367229389636,
            0.294630012251555,
            0.222137801349758
        ],
        "A3": [
            0.142234583911518,
            0.208487561890503,
            0.359797648153512
        ],
        "A4": [
            0.113619319558891,
            0.160478879714159,
            0.04553503791834
        ],
        "A5": [
            0.30170415121622,
            0.224282587715987,
            0.437048404940156
        ],
        "A6": [
            0.216944894624146,
            0.545506818685952,
            0.439974543298425
        ],
        "B1": [
            0.673736471081486,
            0.190761005756649,
            0.032551632433266
        ],
        "B2": [
            0.080707368706627,
            0.100550823782548,
            0.412706906750858
        ],
        "B3": [
            0.586209346715974,
            0.070454313120758,
            0.107492371765997
        ],
        "B4": [
            0.131773513610596,
            0.03247801711737,
            0.133006550945116
        ],
        "B5": [
            0.401683750364528,
            0.485141684914888,
            0.06270969130188
        ],
        "B6": [
            0.738263229442856,
            0.354030569790706,
            0.040347124702209
        ],
        "C1": [
            0.029194337116625,
            0.038698488455996,
            0.320632529698133
        ],
        "C2": [
            0.104156554941353,
            0.33247259161543,
            0.061472337601042
        ],
        "C3": [
            0.564808533696522,
            0.027370360932855,
            0.02748567277788
        ],
        "C4": [
            0.841913483926647,
            0.495617339473244,
            0.040817699663576
        ],
        "C5": [
            0.614232084801962,
            0.079167084367233,
            0.297835872091787
        ],
        "C6": [
            0.061750069971624,
            0.271495870768692,
            0.420392228217147
        ],
        "D1": [
            0.93249265470119,
            0.793238543767575,
            0.753581620829338
        ],
        "D2": [
            0.64219085948813,
            0.58884366,
            0.573750294335491
        ],
        "D3": [
            0.398891932018026,
            0.385694343867869,
            0.3803518553968
        ],
        "D4": [
            0.19952623,
            0.19952623,
            0.19952623
        ],
        "D5": [
            0.082109703023102,
            0.079651316594846,
            0.08290497542993
        ],
        "D6": [
            0.025460373119064,
            0.021024803289721,
            0.023286426299807
        ]
    }
}