{
    "description": "ColorChecker 24+CIE D55光源在kodak_portra_800_auc_noDIR->kodak_endura_premier_d60_uc打印流程下，相纸上得到的理论密度（并取指数）",
    "type": "DensityExp",
    "required_working_colorspace": "KodakEnduraPremier",
    "Illuminant": "CIE D55",
    "data": {
        "A1": [
            0.169957116301799,
            0.081562072111692,
            0.061087192777942
        ],
        "A2": [
            0.518915185136764,
            0.299657253824924,
            0.24901837518354
        ],
        "A3": [
            0.162232470585056,
            0.218795602320398,
            0.331093771541806
        ],
        "A4": [
            0.123714238836042,
            0.136154247720272,
            0.061460238834238
        ],
        "A5": [
            0.290288209820843,
            0.253528775647083,
            0.432748172470756
        ],
        "A6": [
            0.237223325687371,
            0.496190739830736,
            0.439415100812068
        ],
        "B1": [
            0.513655219253566,
            0.183494423592785,
            0.058311658059697
        ],
        "B2": [
            0.107537073953592,
            0.136239138016309,
            0.354944257168972
        ],
        "B3": [
            0.459550845100566,
            0.104212193896933,
            0.131144382860703
        ],
        "B4": [
            0.139167415691311,
            0.057937991719072,
            0.131183065250464
        ],
        "B5": [
            0.350082336677349,
            0.406680113182658,
            0.099351887039785
        ],
        "B6": [
            0.578151608095464,
            0.309153817587893,
            0.072334208067275
        ],
        "C1": [
            0.049038798523083,
            0.069563084177932,
            0.241269206712023
        ],
        "C2": [
            0.124879165282312,
            0.254512571376625,
            0.084007258476146
        ],
        "C3": [
            0.423691610382371,
            0.048851086969574,
            0.045169441976925
        ],
        "C4": [
            0.671965359738821,
            0.439295414889516,
            0.07965817808295
        ],
        "C5": [
            0.507568749949513,
            0.131180855711695,
            0.31048403789379
        ],
        "C6": [
            0.093186894252815,
            0.256926266787633,
            0.364242697207268
        ],
        "D1": [
            0.809735518775419,
            0.825403799121102,
            1.005664762550687
        ],
        "D2": [
            0.563138641284758,
            0.58884366,
            0.658741638535065
        ],
        "D3": [
            0.36270455893397,
            0.376900088789184,
            0.391074472966812
        ],
        "D4": [
            0.19952623,
            0.19952623,
            0.19952623
        ],
        "D5": [
            0.096953662792688,
            0.089532315091926,
            0.089225381893885
        ],
        "D6": [
            0.037219327906182,
            0.03062662811195,
            0.028843465449384
        ]
    }
}