{
    "description": "ColorChecker 24+CIE D55光源在kodak_vision3_250d_uc_noDIR->kodak_2383_uc打印流程下，相纸上得到的理论密度（并取指数）",
    "type": "DensityExp",
    "required_working_colorspace": "KodakEnduraPremier",
    "Illuminant": "CIE D55",
    "data": {
        "A1": [
            0.165024115383774,
            0.076363933020615,
            0.048921753026615
        ],
        "A2": [
            0.660827510273684,
            0.312028941524527,
            0.242610934127876
        ],
        "A3": [
            0.151899225713013,
            0.213128975998791,
            0.352545152083905
        ],
        "A4": [
            0.107440031802083,
            0.13545287493425,
            0.049151409249925
        ],
        "A5": [
            0.320864740880415,
            0.251386031720549,
            0.452452173633361
        ],
        "A6": [
            0.240895496284124,
            0.489684116311118,
            0.450492110845871
        ],
        "B1": [
            0.662672980844875,
            0.19578696028093,
            0.043031690343383
        ],
        "B2": [
            0.088378123920826,
            0.122436908450925,
            0.391727259291194
        ],
        "B3": [
            0.588412854514531,
            0.102538380573137,
            0.119165246604413
        ],
        "B4": [
            0.127604099528672,
            0.04843907665267,
            0.127058941981233
        ],
        "B5": [
            0.399628966221018,
            0.426298444432818,
            0.079057602340913
        ],
        "B6": [
            0.75504016690237,
            0.334798756266139,
            0.054848685700392
        ],
        "C1": [
            0.030410331759104,
            0.053595138390117,
            0.273432334006763
        ],
        "C2": [
            0.10574572057981,
            0.258162969536039,
            0.067792174616458
        ],
        "C3": [
            0.549395519058057,
            0.043240898318829,
            0.033008845057493
        ],
        "C4": [
            0.897336840269043,
            0.471917253370568,
            0.058456209170217
        ],
        "C5": [
            0.657948207988713,
            0.128013018024702,
            0.319786251529165
        ],
        "C6": [
            0.071525872443545,
            0.243390721457595,
            0.39297438830457
        ],
        "D1": [
            1.091196037265423,
            0.800530389087829,
            0.870098822983801
        ],
        "D2": [
            0.710700042366047,
            0.58884366,
            0.636120814168811
        ],
        "D3": [
            0.418968050377434,
            0.383293006689729,
            0.401319955138342
        ],
        "D4": [
            0.19952623,
            0.19952623,
            0.19952623
        ],
        "D5": [
            0.077352606478654,
            0.081999039254704,
            0.079578115295325
        ],
        "D6": [
            0.021165068608307,
            0.022118836099363,
            0.021025145756042
        ]
    }
}