{
    "description": "ColorChecker 24+CIE D55光源在kodak_gold_200_auc->kodak_endura_premier_d60_uc打印流程下，相纸上得到的理论密度（并取指数）",
    "type": "DensityExp",
    "required_working_colorspace": "KodakEnduraPremier",
    "Illuminant": "CIE D55",
    "data": {
        "A1": [
            0.206112950124577,
            0.061635181210364,
            0.04137908149106
        ],
        "A2": [
            0.64312931117292,
            0.282788069447071,
            0.229105190107306
        ],
        "A3": [
            0.138247220771846,
            0.225642104392942,
            0.373556886449234
        ],
        "A4": [
            0.113351294360461,
            0.155998625428762,
            0.041708452996234
        ],
        "A5": [
            0.319187884448329,
            0.238281580278223,
            0.463345406561357
        ],
        "A6": [
            0.217260934646689,
            0.559850712387603,
            0.471879250088275
        ],
        "B1": [
            0.715800976573881,
            0.164001978855282,
            0.030771716852363
        ],
        "B2": [
            0.077072773825081,
            0.12448024017069,
            0.42574044219944
        ],
        "B3": [
            0.632584423515481,
            0.063128992243778,
            0.101893313320618
        ],
        "B4": [
            0.153278906899718,
            0.034792197550614,
            0.125125870539065
        ],
        "B5": [
            0.421813869348692,
            0.469369707560962,
            0.05965427015114
        ],
        "B6": [
            0.768504750593778,
            0.325896181864302,
            0.038023121355154
        ],
        "C1": [
            0.026315664316919,
            0.055529771759118,
            0.320578074440468
        ],
        "C2": [
            0.100615600410696,
            0.33510696425711,
            0.057791598748122
        ],
        "C3": [
            0.654754213538749,
            0.022884745273442,
            0.025174391578496
        ],
        "C4": [
            0.864907222898834,
            0.469664757409938,
            0.039412684953374
        ],
        "C5": [
            0.665351901299204,
            0.082442233155388,
            0.306263214582423
        ],
        "C6": [
            0.056737273507539,
            0.30756160025171,
            0.43934812376211
        ],
        "D1": [
            0.896311026146309,
            0.788557132673783,
            0.866689515154409
        ],
        "D2": [
            0.633431010422635,
            0.58884366,
            0.635476933200445
        ],
        "D3": [
            0.402030970366605,
            0.386370705343979,
            0.404442256070953
        ],
        "D4": [
            0.19952623,
            0.19952623,
            0.19952623
        ],
        "D5": [
            0.077491091745,
            0.079372404786989,
            0.07665733078212
        ],
        "D6": [
            0.023253350085749,
            0.021013839852238,
            0.020974034363935
        ]
    }
}