{
    "description": "ColorChecker 24+CIE D55光源在kodak_vision3_500t_uc->kodak_2383_uc打印流程下，相纸上得到的理论密度（并取指数）",
    "type": "2383DensityExp",
    "Illuminant": "CIE D55",
    "data": {
        "A1": [
            0.176178256578403,
            0.064249313279919,
            0.050860004737757
        ],
        "A2": [
            1.14534362990789,
            0.322281212662138,
            0.218170587180966
        ],
        "A3": [
            0.122271999439222,
            0.208384858009324,
            0.296593970316284
        ],
        "A4": [
            0.085321210503785,
            0.143443488968829,
            0.052964764204242
        ],
        "A5": [
            0.36943498480806,
            0.243405201600696,
            0.329925075639313
        ],
        "A6": [
            0.245644225476013,
            0.49840531028863,
            0.344006440649034
        ],
        "B1": [
            1.346921919283885,
            0.215334879494304,
            0.035695569381724
        ],
        "B2": [
            0.052124283914223,
            0.104975676640103,
            0.310805655413989
        ],
        "B3": [
            1.107654589578647,
            0.079507605548485,
            0.116312095272621
        ],
        "B4": [
            0.103335037187108,
            0.029097058610501,
            0.139383818663163
        ],
        "B5": [
            0.581953003436131,
            0.482150514487095,
            0.086178143059759
        ],
        "B6": [
            1.510546121095899,
            0.386412453674225,
            0.047415606861768
        ],
        "C1": [
            0.010636853541431,
            0.037062353138813,
            0.253822149968244
        ],
        "C2": [
            0.080807381451134,
            0.297297272417122,
            0.083734271639217
        ],
        "C3": [
            1.119793432725998,
            0.025080770434368,
            0.027243165209322
        ],
        "C4": [
            1.844232231181531,
            0.54113101286654,
            0.056521426406221
        ],
        "C5": [
            1.168065200646664,
            0.097239380798049,
            0.252005324210301
        ],
        "C6": [
            0.036864523347678,
            0.248296912477412,
            0.327868427977582
        ],
        "D1": [
            2.145754625663366,
            0.769729768274606,
            0.45091243001987
        ],
        "D2": [
            1.195684548905716,
            0.58884366,
            0.39343591131974
        ],
        "D3": [
            0.571706295165681,
            0.393238728064071,
            0.310648662513722
        ],
        "D4": [
            0.19952623,
            0.19952623,
            0.19952623
        ],
        "D5": [
            0.051908369883584,
            0.070964244315118,
            0.093998613644088
        ],
        "D6": [
            0.008567732447498,
            0.013482977561939,
            0.0229286397425
        ]
    }
}