{
    "description": "ColorChecker 24+CIE D55光源在kodak_vision3_500t_uc_noDIR->kodak_2383_uc打印流程下，相纸上得到的理论密度（并取指数）",
    "type": "DensityExp",
    "required_working_colorspace": "KodakEnduraPremier",
    "Illuminant": "CIE D55",
    "data": {
        "A1": [
            0.150608191675071,
            0.06972054423411,
            0.051645143516532
        ],
        "A2": [
            0.891677487995327,
            0.329163821381529,
            0.236504375058883
        ],
        "A3": [
            0.139465773594318,
            0.21123937795047,
            0.302006051122729
        ],
        "A4": [
            0.089822800281431,
            0.125306778838725,
            0.053812461773248
        ],
        "A5": [
            0.346221840644336,
            0.257834104569214,
            0.35286656277946
        ],
        "A6": [
            0.265762683271496,
            0.47624577305741,
            0.367357055761391
        ],
        "B1": [
            0.918156430150198,
            0.202477248420637,
            0.046550402221038
        ],
        "B2": [
            0.067573695640061,
            0.117482235270438,
            0.311974710654784
        ],
        "B3": [
            0.773081956825151,
            0.104698768765761,
            0.123605130623156
        ],
        "B4": [
            0.099186655755713,
            0.042211453693401,
            0.128446975426726
        ],
        "B5": [
            0.493306198093537,
            0.424642878984307,
            0.099260584393109
        ],
        "B6": [
            1.074912222553115,
            0.344308938891595,
            0.061863729125863
        ],
        "C1": [
            0.017523406832034,
            0.046412485423872,
            0.232634870563585
        ],
        "C2": [
            0.095249226862845,
            0.247512571864062,
            0.084851183633936
        ],
        "C3": [
            0.681387334318263,
            0.038625936419741,
            0.032302593966686
        ],
        "C4": [
            1.332748536801175,
            0.481807764309824,
            0.07430509690946
        ],
        "C5": [
            0.858152679525213,
            0.134176415905776,
            0.271965409670854
        ],
        "C6": [
            0.055724754878454,
            0.234104783952146,
            0.328035238670807
        ],
        "D1": [
            1.707287262193674,
            0.777543293554957,
            0.523049100032626
        ],
        "D2": [
            0.997105070001462,
            0.58884366,
            0.443672372182867
        ],
        "D3": [
            0.512300785752989,
            0.390747791846485,
            0.334764964678798
        ],
        "D4": [
            0.19952623,
            0.19952623,
            0.19952623
        ],
        "D5": [
            0.059204118453505,
            0.073688381340804,
            0.08542066381784
        ],
        "D6": [
            0.011146541136323,
            0.015358693598359,
            0.019384567293984
        ]
    }
}