{
    "description": "ColorChecker 24+CIE D55光源在kodak_vision3_50d_uc->kodak_2383_uc打印流程下，相纸上得到的理论密度（并取指数）",
    "type": "EnduraDensityExp",
    "Illuminant": "CIE D55",
    "data": {
        "A1": [
            0.18932815527782,
            0.07035732530196,
            0.039025981216091
        ],
        "A2": [
            0.709434609026302,
            0.301774010473063,
            0.220093025346759
        ],
        "A3": [
            0.136963512223057,
            0.201926322479283,
            0.389368303320383
        ],
        "A4": [
            0.107386022376167,
            0.17521322569518,
            0.037831751898076
        ],
        "A5": [
            0.315123172934675,
            0.217277346530659,
            0.482091958984055
        ],
        "A6": [
            0.214496311399968,
            0.546303298629198,
            0.467715855112066
        ],
        "B1": [
            0.777683533000352,
            0.221874305391048,
            0.025371465402299
        ],
        "B2": [
            0.074205120445295,
            0.094020894125478,
            0.471220141909994
        ],
        "B3": [
            0.689249247478,
            0.069593804710865,
            0.102787564280721
        ],
        "B4": [
            0.131377065432968,
            0.030447202811795,
            0.136708692596786
        ],
        "B5": [
            0.425131043795614,
            0.577141855251458,
            0.051456738719534
        ],
        "B6": [
            0.845249859966344,
            0.431326345528994,
            0.031508957315033
        ],
        "C1": [
            0.024588460181221,
            0.035213986303499,
            0.371050111343679
        ],
        "C2": [
            0.096279209171572,
            0.376293140889118,
            0.051555760789766
        ],
        "C3": [
            0.688067912159922,
            0.027422404822959,
            0.022741148175598
        ],
        "C4": [
            0.969335333760076,
            0.630665754072416,
            0.031443009256254
        ],
        "C5": [
            0.72322384856979,
            0.075380017137568,
            0.325450152352457
        ],
        "C6": [
            0.054367471113185,
            0.261526132410489,
            0.460851852811571
        ],
        "D1": [
            1.076219082780319,
            0.79360743519143,
            0.840449885040599
        ],
        "D2": [
            0.71477195832265,
            0.58884366,
            0.626371457937188
        ],
        "D3": [
            0.424642424509992,
            0.385889774776257,
            0.401400709344182
        ],
        "D4": [
            0.19952623,
            0.19952623,
            0.19952623
        ],
        "D5": [
            0.076034283764076,
            0.079222584576082,
            0.07706419655847
        ],
        "D6": [
            0.021405350432722,
            0.020588669992179,
            0.019453237339171
        ]
    }
}