{
    "description": "ColorChecker 24+CIE D55光源在kodak_ektar_100_auc_noDIR->kodak_endura_premier_d60_uc打印流程下，相纸上得到的理论密度（并取指数）",
    "type": "DensityExp",
    "required_working_colorspace": "KodakEnduraPremier",
    "Illuminant": "CIE D55",
    "data": {
        "A1": [
            0.166364603108563,
            0.082584170512686,
            0.061834625430866
        ],
        "A2": [
            0.473854689680336,
            0.292732849606416,
            0.244567589468371
        ],
        "A3": [
            0.164602832656473,
            0.222634906926341,
            0.318000334401342
        ],
        "A4": [
            0.126385517799437,
            0.13826922343386,
            0.062073845771457
        ],
        "A5": [
            0.278358256422776,
            0.257015351118831,
            0.410646857297194
        ],
        "A6": [
            0.238981175119269,
            0.489250325990814,
            0.411002704718525
        ],
        "B1": [
            0.46429078030049,
            0.17961755099098,
            0.059433876457064
        ],
        "B2": [
            0.110524557211722,
            0.148609829628942,
            0.341288082312728
        ],
        "B3": [
            0.410564764810407,
            0.106447017338489,
            0.134975391172777
        ],
        "B4": [
            0.13417584455763,
            0.061878650586506,
            0.133242874537297
        ],
        "B5": [
            0.339520148991403,
            0.407502284114915,
            0.09707319523479
        ],
        "B6": [
            0.524827719084331,
            0.30410438640207,
            0.074392777740514
        ],
        "C1": [
            0.051168102100186,
            0.078909478716268,
            0.238860470844212
        ],
        "C2": [
            0.13007940821812,
            0.252826838039586,
            0.080641119639724
        ],
        "C3": [
            0.362712735551361,
            0.048331807452259,
            0.045433216979092
        ],
        "C4": [
            0.608544123385385,
            0.44842626418017,
            0.077684528592346
        ],
        "C5": [
            0.450180764254429,
            0.141121321382475,
            0.30347369489984
        ],
        "C6": [
            0.097268380618661,
            0.260202912206593,
            0.343256887017077
        ],
        "D1": [
            0.736976099275304,
            0.883934776161544,
            0.939753944856451
        ],
        "D2": [
            0.524924305484601,
            0.58884366,
            0.613462302987906
        ],
        "D3": [
            0.348595616732239,
            0.367753983087742,
            0.373735427289256
        ],
        "D4": [
            0.19952623,
            0.19952623,
            0.19952623
        ],
        "D5": [
            0.10007434329267,
            0.09196900772226,
            0.090852686465147
        ],
        "D6": [
            0.037942547064305,
            0.028752192604438,
            0.027525305764269
        ]
    }
}