{
    "description": "ColorChecker 24+CIE D55光源在kodak_portra_400_auc_noDIR->kodak_endura_premier_d60_uc打印流程下，相纸上得到的理论密度（并取指数）",
    "type": "DensityExp",
    "required_working_colorspace": "KodakEnduraPremier",
    "Illuminant": "CIE D55",
    "data": {
        "A1": [
            0.16336026101045,
            0.086274189766529,
            0.067895492167984
        ],
        "A2": [
            0.500191608713711,
            0.288410566172167,
            0.239967478470073
        ],
        "A3": [
            0.16203715540281,
            0.226776722710765,
            0.31781871191926
        ],
        "A4": [
            0.124235490768088,
            0.14006468846623,
            0.06846791080892
        ],
        "A5": [
            0.270087742993889,
            0.259823734735884,
            0.408526465938287
        ],
        "A6": [
            0.246867918054035,
            0.494535627383841,
            0.404110557221468
        ],
        "B1": [
            0.503166340124526,
            0.170660636112194,
            0.065860297552204
        ],
        "B2": [
            0.104419007230401,
            0.157497691205104,
            0.339127226304144
        ],
        "B3": [
            0.438996135678297,
            0.109574649320872,
            0.137501907115836
        ],
        "B4": [
            0.123084982578157,
            0.068446697635903,
            0.138567618582876
        ],
        "B5": [
            0.352300211528725,
            0.39628040653079,
            0.101189718123888
        ],
        "B6": [
            0.574047121951856,
            0.28750465513156,
            0.080828422756679
        ],
        "C1": [
            0.048367289646675,
            0.090380364923402,
            0.236641725062466
        ],
        "C2": [
            0.133824300777348,
            0.251454868542114,
            0.085482741189475
        ],
        "C3": [
            0.386688739142831,
            0.053277105255515,
            0.051604530594801
        ],
        "C4": [
            0.68435273957879,
            0.42953323503031,
            0.083596950034733
        ],
        "C5": [
            0.470924092508585,
            0.144343581866637,
            0.305422214205104
        ],
        "C6": [
            0.097357060562495,
            0.271296777942363,
            0.33564841786344
        ],
        "D1": [
            0.865567732456849,
            0.895494084771603,
            0.925532130828061
        ],
        "D2": [
            0.567215678415775,
            0.58884366,
            0.611952152977439
        ],
        "D3": [
            0.357753900423295,
            0.364410833829463,
            0.372316465933458
        ],
        "D4": [
            0.19952623,
            0.19952623,
            0.19952623
        ],
        "D5": [
            0.098114021744302,
            0.097085864735257,
            0.095724373251827
        ],
        "D6": [
            0.037063222344347,
            0.034946061765121,
            0.033496758736068
        ]
    }
}