{
    "description": "ColorChecker 24+CIE D55光源在kodak_vision3_250d_uc->kodak_2383_uc打印流程下，相纸上得到的理论密度（并取指数）",
    "type": "EnduraDensityExp",
    "Illuminant": "CIE D55",
    "data": {
        "A1": [
            0.196989067856953,
            0.072363351592829,
            0.040661188005996
        ],
        "A2": [
            0.755699670389221,
            0.301944845522718,
            0.21787673190394
        ],
        "A3": [
            0.13592387544311,
            0.204754702255946,
            0.394739264636431
        ],
        "A4": [
            0.110405692141853,
            0.165424708343962,
            0.039924937073134
        ],
        "A5": [
            0.322276712434194,
            0.223367395016355,
            0.49070787653042
        ],
        "A6": [
            0.211941072499698,
            0.536825603298363,
            0.474348404324592
        ],
        "B1": [
            0.86737264432535,
            0.219036250790802,
            0.026897400720746
        ],
        "B2": [
            0.073933437695339,
            0.102841906020631,
            0.478601194953198
        ],
        "B3": [
            0.752439099752124,
            0.076107083276081,
            0.103421802224618
        ],
        "B4": [
            0.14091627055946,
            0.033607979517296,
            0.138611243432351
        ],
        "B5": [
            0.444807043077842,
            0.550985391829395,
            0.055065719558364
        ],
        "B6": [
            0.943395796500257,
            0.412613360232886,
            0.033660678841721
        ],
        "C1": [
            0.022584545820527,
            0.041554082225537,
            0.369254663764088
        ],
        "C2": [
            0.097194944606996,
            0.352799182863466,
            0.055070979681987
        ],
        "C3": [
            0.795227343316612,
            0.02942524989159,
            0.023561295977559
        ],
        "C4": [
            1.096911931730388,
            0.605657312841646,
            0.034285093603407
        ],
        "C5": [
            0.785527038204763,
            0.085139051363851,
            0.327285152214368
        ],
        "C6": [
            0.052249821725946,
            0.260544911403482,
            0.465441867257429
        ],
        "D1": [
            1.14029961012943,
            0.79995815425115,
            0.892505838500265
        ],
        "D2": [
            0.733328690786727,
            0.58884366,
            0.649939134486345
        ],
        "D3": [
            0.426798140327918,
            0.383734476884013,
            0.406256148875767
        ],
        "D4": [
            0.19952623,
            0.19952623,
            0.19952623
        ],
        "D5": [
            0.07558746113166,
            0.081057752949187,
            0.078710143081755
        ],
        "D6": [
            0.020332976585036,
            0.021157116528724,
            0.020363522259218
        ]
    }
}