{
    "description": "ColorChecker 24+CIE D55光源在kodak_portra_160_auc_noDIR->kodak_endura_premier_d60_uc打印流程下，相纸上得到的理论密度（并取指数）",
    "type": "DensityExp",
    "required_working_colorspace": "KodakEnduraPremier",
    "Illuminant": "CIE D55",
    "data": {
        "A1": [
            0.155039472483428,
            0.082659242629634,
            0.062574468076648
        ],
        "A2": [
            0.424343515716417,
            0.2856006870254,
            0.241305868183344
        ],
        "A3": [
            0.161842239459383,
            0.22975976987584,
            0.327057021577275
        ],
        "A4": [
            0.123109627063516,
            0.134150955043422,
            0.062162960593347
        ],
        "A5": [
            0.248463373132083,
            0.265328371223902,
            0.420635951570994
        ],
        "A6": [
            0.253183288218845,
            0.489879002682747,
            0.417031102262478
        ],
        "B1": [
            0.427252623168956,
            0.167367766845521,
            0.057844577424478
        ],
        "B2": [
            0.100889909446532,
            0.162879601897707,
            0.358853400320228
        ],
        "B3": [
            0.370168589906015,
            0.106147747030545,
            0.132897347834341
        ],
        "B4": [
            0.104018598062011,
            0.067991924270522,
            0.135314273157697
        ],
        "B5": [
            0.338182229979787,
            0.378235972286007,
            0.093377770963259
        ],
        "B6": [
            0.477376034863313,
            0.279903420103301,
            0.070419590834339
        ],
        "C1": [
            0.046793108207096,
            0.092936864895785,
            0.255253594674649
        ],
        "C2": [
            0.14116770708008,
            0.241246140156615,
            0.080453003921722
        ],
        "C3": [
            0.305676572532657,
            0.049153449681578,
            0.046804805995772
        ],
        "C4": [
            0.546403622752021,
            0.406017943573176,
            0.073921137800466
        ],
        "C5": [
            0.375323404547304,
            0.146693043779569,
            0.30892226304759
        ],
        "C6": [
            0.099907494171813,
            0.271076804110571,
            0.357664282488211
        ],
        "D1": [
            0.657938186853242,
            0.883369501156196,
            0.907014315375729
        ],
        "D2": [
            0.486714937829398,
            0.58884366,
            0.610439140846312
        ],
        "D3": [
            0.337600101056091,
            0.367024498936389,
            0.376219201776388
        ],
        "D4": [
            0.19952623,
            0.19952623,
            0.19952623
        ],
        "D5": [
            0.097965630649726,
            0.094199498335772,
            0.091709661479627
        ],
        "D6": [
            0.036036925157844,
            0.032354828507991,
            0.031179400445157
        ]
    }
}