{
    "description": "ColorChecker 24+CIE D55光源在kodak_ultramax_400_auc->kodak_endura_premier_d60_uc打印流程下，相纸上得到的理论密度（并取指数）",
    "type": "EnduraDensityExp",
    "Illuminant": "CIE D55",
    "data": {
        "A1": [
            0.197438147421834,
            0.080191323443868,
            0.05722608065644
        ],
        "A2": [
            0.59107907469337,
            0.276696546351244,
            0.222094641998346
        ],
        "A3": [
            0.149395145133685,
            0.210528232833392,
            0.361000572280085
        ],
        "A4": [
            0.128462676604401,
            0.162144554876888,
            0.056886881021247
        ],
        "A5": [
            0.289493637916533,
            0.221202643550982,
            0.456725819988067
        ],
        "A6": [
            0.211734661077882,
            0.558482711563598,
            0.44500134417721
        ],
        "B1": [
            0.665503710530738,
            0.186160659041611,
            0.044239011500647
        ],
        "B2": [
            0.095150675588215,
            0.118802478139535,
            0.425565435585853
        ],
        "B3": [
            0.579939814385046,
            0.080580854091859,
            0.119331752153706
        ],
        "B4": [
            0.154550832051812,
            0.045908255846655,
            0.141894407092732
        ],
        "B5": [
            0.380844450605505,
            0.507721289376236,
            0.07733416866771
        ],
        "B6": [
            0.723468600367785,
            0.347242587440362,
            0.053136448959428
        ],
        "C1": [
            0.039507826578724,
            0.059083173931447,
            0.311969960590207
        ],
        "C2": [
            0.119301153385084,
            0.33164370016764,
            0.074496027636407
        ],
        "C3": [
            0.599530671006113,
            0.036521288166837,
            0.037919568270026
        ],
        "C4": [
            0.834556776006478,
            0.52289634949206,
            0.054566237956467
        ],
        "C5": [
            0.607845594153592,
            0.090619680259142,
            0.306747932932866
        ],
        "C6": [
            0.07487592377656,
            0.272156303042617,
            0.418814101385629
        ],
        "D1": [
            0.848988788401995,
            0.854126997904977,
            0.972627864486935
        ],
        "D2": [
            0.571289918626149,
            0.58884366,
            0.641363045183522
        ],
        "D3": [
            0.362742563775244,
            0.37140456305771,
            0.383415101113069
        ],
        "D4": [
            0.19952623,
            0.19952623,
            0.19952623
        ],
        "D5": [
            0.096711094603847,
            0.092694837781032,
            0.092630608167625
        ],
        "D6": [
            0.036472614823148,
            0.031920964610405,
            0.031141525450545
        ]
    }
}