{
    "description": "ColorChecker 24+CIE D55光源在kodak_vision3_50d_uc_noDIR->kodak_2383_uc打印流程下，相纸上得到的理论密度（并取指数）",
    "type": "DensityExp",
    "required_working_colorspace": "KodakEnduraPremier",
    "Illuminant": "CIE D55",
    "data": {
        "A1": [
            0.157798990495729,
            0.074075591633602,
            0.047174655686897
        ],
        "A2": [
            0.63188293228661,
            0.313121354055225,
            0.245588778088758
        ],
        "A3": [
            0.153079944152586,
            0.210794683311059,
            0.34747725810946
        ],
        "A4": [
            0.104771292875439,
            0.138318599524114,
            0.047255826171981
        ],
        "A5": [
            0.314916237686746,
            0.247109383667036,
            0.444315585272108
        ],
        "A6": [
            0.244904518774137,
            0.496971078612911,
            0.445274355556613
        ],
        "B1": [
            0.612612226788267,
            0.195067997339299,
            0.041606246266042
        ],
        "B2": [
            0.088383207258011,
            0.114803197862328,
            0.385226991384139
        ],
        "B3": [
            0.551758526842853,
            0.097333907783641,
            0.118895580883879
        ],
        "B4": [
            0.118707713095534,
            0.044772533079138,
            0.123067779803001
        ],
        "B5": [
            0.386808257286,
            0.438631179624417,
            0.076905255909975
        ],
        "B6": [
            0.698443638331469,
            0.342187310901103,
            0.053310330303307
        ],
        "C1": [
            0.032344731976265,
            0.047642681491551,
            0.272744003525277
        ],
        "C2": [
            0.105184360306341,
            0.266799279961136,
            0.065104547204777
        ],
        "C3": [
            0.491131213437497,
            0.040874563217303,
            0.031832019780167
        ],
        "C4": [
            0.820635778697581,
            0.480995497280606,
            0.056106634145742
        ],
        "C5": [
            0.6167928033164,
            0.119356253917389,
            0.315830592663324
        ],
        "C6": [
            0.074051498310552,
            0.242939943706971,
            0.390079463711971
        ],
        "D1": [
            1.04125341553139,
            0.792649041522033,
            0.821864998998346
        ],
        "D2": [
            0.698083014146091,
            0.58884366,
            0.614534234534946
        ],
        "D3": [
            0.418699337117455,
            0.385860689123164,
            0.397075087457706
        ],
        "D4": [
            0.19952623,
            0.19952623,
            0.19952623
        ],
        "D5": [
            0.077387061359748,
            0.079927411548744,
            0.077669654290152
        ],
        "D6": [
            0.022010315800178,
            0.021383631433714,
            0.01987453080965
        ]
    }
}