{
    "description": "ColorChecker 24+CIE D55光源在kodak_vision3_500t_uc_noDIR->kodak_2383_uc打印流程下，相纸上得到的理论密度（并取指数）",
    "type": "DensityExp",
    "required_working_colorspace": "KodakEnduraPremier",
    "Illuminant": "CIE D55",
    "data": {
        "A1": [
            0.151417481440424,
            0.070996054827419,
            0.053046856770941
        ],
        "A2": [
            0.876711691695152,
            0.331805562330198,
            0.236057264089913
        ],
        "A3": [
            0.139994512769535,
            0.208833262096843,
            0.298977347297539
        ],
        "A4": [
            0.090702003774212,
            0.129064382327122,
            0.055370301300697
        ],
        "A5": [
            0.343987423434987,
            0.25514474455554,
            0.348231224314017
        ],
        "A6": [
            0.264404062669117,
            0.475639941661067,
            0.363303746194963
        ],
        "B1": [
            0.903772768779337,
            0.213404952241589,
            0.048147741627319
        ],
        "B2": [
            0.068460995888267,
            0.114842371041802,
            0.307609037863202
        ],
        "B3": [
            0.763656542204044,
            0.1051116477167,
            0.124647085342141
        ],
        "B4": [
            0.100267082354995,
            0.041559902021461,
            0.128806432067444
        ],
        "B5": [
            0.487666972577356,
            0.443438991681257,
            0.101265208217478
        ],
        "B6": [
            1.054629655526762,
            0.36480086693848,
            0.06372611435398
        ],
        "C1": [
            0.018061239743819,
            0.045030402839821,
            0.229984234171071
        ],
        "C2": [
            0.095988722157392,
            0.255287212846838,
            0.086678743253523
        ],
        "C3": [
            0.67597801271037,
            0.039467497228631,
            0.033436678979551
        ],
        "C4": [
            1.303449190210148,
            0.512241486759269,
            0.076335741136363
        ],
        "C5": [
            0.846184477038061,
            0.132494027732053,
            0.269240116865893
        ],
        "C6": [
            0.05651098826115,
            0.230858917641675,
            0.324252034091348
        ],
        "D1": [
            1.662780993120298,
            0.778565357325678,
            0.513598656987793
        ],
        "D2": [
            0.977570446840066,
            0.58884366,
            0.436990029643891
        ],
        "D3": [
            0.506377178233744,
            0.39050862093729,
            0.331515874624747
        ],
        "D4": [
            0.19952623,
            0.19952623,
            0.19952623
        ],
        "D5": [
            0.060124568638177,
            0.073914620777804,
            0.086757149773273
        ],
        "D6": [
            0.011569254186307,
            0.015532117045357,
            0.020206199325403
        ]
    }
}