{
    "description": "ColorChecker 24+CIE D55光源在kodak_portra_160_auc_noDIR->kodak_endura_premier_d60_uc打印流程下，相纸上得到的理论密度（并取指数）",
    "type": "DensityExp",
    "required_working_colorspace": "KodakEnduraPremier",
    "Illuminant": "CIE D55",
    "data": {
        "A1": [
            0.156208488257372,
            0.082822483189946,
            0.062809848134047
        ],
        "A2": [
            0.434498044981185,
            0.285928709166736,
            0.241132026685249
        ],
        "A3": [
            0.160294639887836,
            0.228967073949217,
            0.32656396326005
        ],
        "A4": [
            0.121837769139859,
            0.135589111421464,
            0.062399971429687
        ],
        "A5": [
            0.249214565081152,
            0.263907920493332,
            0.419640034159957
        ],
        "A6": [
            0.25133978645404,
            0.491767533374702,
            0.416049061705789
        ],
        "B1": [
            0.44304385260669,
            0.169469470728146,
            0.058072264052733
        ],
        "B2": [
            0.099002977235754,
            0.161598174899,
            0.358249051420015
        ],
        "B3": [
            0.386502909528604,
            0.105559887255698,
            0.13305845807002
        ],
        "B4": [
            0.103646872839905,
            0.067426864006074,
            0.1354959754676
        ],
        "B5": [
            0.340291701720516,
            0.386646747858703,
            0.093601223922066
        ],
        "B6": [
            0.490810273926702,
            0.285384992936379,
            0.070651003625268
        ],
        "C1": [
            0.045335426115239,
            0.092059279151092,
            0.255132928018423
        ],
        "C2": [
            0.138977761651886,
            0.245504915871756,
            0.080691530548036
        ],
        "C3": [
            0.323392502127298,
            0.048975941282288,
            0.047022259884767
        ],
        "C4": [
            0.559805707725402,
            0.416964042299543,
            0.074152177654301
        ],
        "C5": [
            0.388654185283665,
            0.145171345588131,
            0.308466624291125
        ],
        "C6": [
            0.097342703282266,
            0.27077076859971,
            0.357059666231843
        ],
        "D1": [
            0.669955119523501,
            0.883714868296258,
            0.90252789858271
        ],
        "D2": [
            0.493497505113016,
            0.58884366,
            0.608203853358952
        ],
        "D3": [
            0.340480248632189,
            0.36698223387986,
            0.375434725415819
        ],
        "D4": [
            0.19952623,
            0.19952623,
            0.19952623
        ],
        "D5": [
            0.096845623370768,
            0.094221199463584,
            0.091946287538559
        ],
        "D6": [
            0.035155837408755,
            0.032360909613831,
            0.031372304915439
        ]
    }
}