{
    "description": "ColorChecker 24+CIE D55光源在kodak_ektar_100_auc_noDIR->kodak_endura_premier_d60_uc打印流程下，相纸上得到的理论密度（并取指数）",
    "type": "DensityExp",
    "required_working_colorspace": "KodakEnduraPremier",
    "Illuminant": "CIE D55",
    "data": {
        "A1": [
            0.170009162177504,
            0.0823477252991,
            0.061935155946271
        ],
        "A2": [
            0.500459667522808,
            0.292054992271752,
            0.244512905875608
        ],
        "A3": [
            0.161792100592781,
            0.223305999894533,
            0.317794161975002
        ],
        "A4": [
            0.123957963013461,
            0.13718777090611,
            0.062183024955144
        ],
        "A5": [
            0.282695148557028,
            0.25785711394051,
            0.410234475179256
        ],
        "A6": [
            0.234567224283631,
            0.488697226882659,
            0.410650043297336
        ],
        "B1": [
            0.501182787008745,
            0.177268741507826,
            0.059552085061912
        ],
        "B2": [
            0.107272785961451,
            0.149494099285191,
            0.341018613732769
        ],
        "B3": [
            0.451897816463609,
            0.106502774346581,
            0.135037235249615
        ],
        "B4": [
            0.136474413867137,
            0.062160606127375,
            0.133290550170921
        ],
        "B5": [
            0.34313894870692,
            0.400173473867958,
            0.097208014302753
        ],
        "B6": [
            0.557300833529663,
            0.298668812766674,
            0.074525038247224
        ],
        "C1": [
            0.048362846216155,
            0.079498142831716,
            0.23877483368882
        ],
        "C2": [
            0.125356421660345,
            0.249699696505306,
            0.080762988262913
        ],
        "C3": [
            0.415032867842035,
            0.048232056657286,
            0.045526155571423
        ],
        "C4": [
            0.642113424657597,
            0.437478480287003,
            0.07782809951665
        ],
        "C5": [
            0.492114590345517,
            0.141669090753852,
            0.303259718261887
        ],
        "C6": [
            0.092224063900431,
            0.261033027494255,
            0.343019563523148
        ],
        "D1": [
            0.769463480520113,
            0.883992515665801,
            0.937910014237338
        ],
        "D2": [
            0.54204886510009,
            0.58884366,
            0.612584599679273
        ],
        "D3": [
            0.355122916293574,
            0.367728390575023,
            0.373435071293371
        ],
        "D4": [
            0.19952623,
            0.19952623,
            0.19952623
        ],
        "D5": [
            0.098045081480019,
            0.091980335877163,
            0.090945592305744
        ],
        "D6": [
            0.036313483136747,
            0.028755660624218,
            0.027597349000824
        ]
    }
}