{
    "description": "ColorChecker 24+CIE D55光源在kodak_ultramax_400_auc_noDIR->kodak_endura_premier_d60_uc打印流程下，相纸上得到的理论密度（并取指数）",
    "type": "DensityExp",
    "required_working_colorspace": "KodakEnduraPremier",
    "Illuminant": "CIE D55",
    "data": {
        "A1": [
            0.171170965845572,
            0.086031932165123,
            0.065688431535672
        ],
        "A2": [
            0.519732998329436,
            0.296014783392899,
            0.247811162802433
        ],
        "A3": [
            0.163353629272471,
            0.213577036100935,
            0.320492035698419
        ],
        "A4": [
            0.125224417681613,
            0.144049643227103,
            0.06679827743662
        ],
        "A5": [
            0.290726285895389,
            0.244922839289937,
            0.416115851700393
        ],
        "A6": [
            0.239119813168708,
            0.493241067068401,
            0.426837285628414
        ],
        "B1": [
            0.514726939865804,
            0.191728601830292,
            0.064844834980789
        ],
        "B2": [
            0.108619200448338,
            0.131815525415938,
            0.3381845729875
        ],
        "B3": [
            0.461632487049529,
            0.106064644776677,
            0.134346541196025
        ],
        "B4": [
            0.142213456340463,
            0.059230837211241,
            0.131276555249757
        ],
        "B5": [
            0.349857988478632,
            0.428710753993955,
            0.105469708970123
        ],
        "B6": [
            0.582523208976358,
            0.326667922338179,
            0.080284013788522
        ],
        "C1": [
            0.048675450915795,
            0.067276642714196,
            0.230219877625147
        ],
        "C2": [
            0.127064416088326,
            0.262679734565174,
            0.088359621093978
        ],
        "C3": [
            0.433291111957331,
            0.051803072888918,
            0.049536619857857
        ],
        "C4": [
            0.683848610202647,
            0.473614385453293,
            0.086808240730284
        ],
        "C5": [
            0.514626563265286,
            0.128865187081198,
            0.300607983572105
        ],
        "C6": [
            0.095057018809346,
            0.246787083714895,
            0.349149272157042
        ],
        "D1": [
            0.833535435813531,
            0.856608178111998,
            0.972052714248426
        ],
        "D2": [
            0.565111271781255,
            0.58884366,
            0.638226009761452
        ],
        "D3": [
            0.360464812195422,
            0.371018064033827,
            0.382293572255867
        ],
        "D4": [
            0.19952623,
            0.19952623,
            0.19952623
        ],
        "D5": [
            0.09736539643771,
            0.093114400635054,
            0.092822126442829
        ],
        "D6": [
            0.036661184396764,
            0.032452956054412,
            0.031485243105327
        ]
    }
}