{
    "description": "ColorChecker 24+CIE D55光源在kodak_vision3_250d_uc_noDIR->kodak_2383_uc打印流程下，相纸上得到的理论密度（并取指数）",
    "type": "DensityExp",
    "required_working_colorspace": "KodakEnduraPremier",
    "Illuminant": "CIE D55",
    "data": {
        "A1": [
            0.165741974327768,
            0.077502079590524,
            0.049534316521997
        ],
        "A2": [
            0.667975081428657,
            0.315703394309453,
            0.242712923388581
        ],
        "A3": [
            0.151460879490868,
            0.208998662895834,
            0.350063271826634
        ],
        "A4": [
            0.107076622022026,
            0.142114360023496,
            0.049892325127756
        ],
        "A5": [
            0.321989373396306,
            0.245677639599947,
            0.448344068491972
        ],
        "A6": [
            0.239971232281809,
            0.493406461615396,
            0.448118230246774
        ],
        "B1": [
            0.672354009820532,
            0.21147728971418,
            0.043858720450472
        ],
        "B2": [
            0.088008050606046,
            0.117183386054031,
            0.387032609165496
        ],
        "B3": [
            0.599550143839658,
            0.101394667523946,
            0.119573503885697
        ],
        "B4": [
            0.128211967140026,
            0.046465784412439,
            0.126760201707081
        ],
        "B5": [
            0.400347836369794,
            0.468914005774071,
            0.080271788283686
        ],
        "B6": [
            0.763889075029915,
            0.370308852764555,
            0.055881812586004
        ],
        "C1": [
            0.030187574981857,
            0.050512613079326,
            0.269959298998203
        ],
        "C2": [
            0.104993971124896,
            0.277241124821251,
            0.068761174488427
        ],
        "C3": [
            0.563732876253506,
            0.043296054702323,
            0.033511174961016
        ],
        "C4": [
            0.907312492990746,
            0.534170325436738,
            0.05960751197084
        ],
        "C5": [
            0.670264930556442,
            0.123218506060506,
            0.31715556707352
        ],
        "C6": [
            0.070866447848259,
            0.23922487916063,
            0.389873360495964
        ],
        "D1": [
            1.102092281905552,
            0.800933414083248,
            0.861074470862722
        ],
        "D2": [
            0.715449784154183,
            0.58884366,
            0.63086233107555
        ],
        "D3": [
            0.420420531336096,
            0.383339861703181,
            0.39931430769261
        ],
        "D4": [
            0.19952623,
            0.19952623,
            0.19952623
        ],
        "D5": [
            0.07711159769725,
            0.081842031169757,
            0.0800930081571
        ],
        "D6": [
            0.021048876447632,
            0.021980172880242,
            0.021358725728127
        ]
    }
}