{
    "description": "ColorChecker 24+CIE D55光源在kodak_gold_200_auc_noDIR->kodak_endura_premier_d60_uc打印流程下，相纸上得到的理论密度（并取指数）",
    "type": "DensityExp",
    "required_working_colorspace": "KodakEnduraPremier",
    "Illuminant": "CIE D55",
    "data": {
        "A1": [
            0.165670698891037,
            0.069730074483724,
            0.051133815763778
        ],
        "A2": [
            0.58226320512839,
            0.302495007955881,
            0.256687342639525
        ],
        "A3": [
            0.157706896177982,
            0.225163806846471,
            0.330925766773988
        ],
        "A4": [
            0.108387841861151,
            0.13495653534021,
            0.053183436321672
        ],
        "A5": [
            0.320405412146606,
            0.261070848185102,
            0.425006902764873
        ],
        "A6": [
            0.250759443437004,
            0.512900409664647,
            0.447237070391014
        ],
        "B1": [
            0.573762967256223,
            0.172403686818912,
            0.050723919214122
        ],
        "B2": [
            0.095132554183886,
            0.137290374370043,
            0.346542424544862
        ],
        "B3": [
            0.527825595564472,
            0.091645371760024,
            0.120920362685639
        ],
        "B4": [
            0.134743512398486,
            0.049162598283615,
            0.114898381628261
        ],
        "B5": [
            0.379748041268178,
            0.433014166301717,
            0.092913607109185
        ],
        "B6": [
            0.641879475070149,
            0.319225905456924,
            0.065693305654599
        ],
        "C1": [
            0.035775840460107,
            0.064498449656804,
            0.235049287559374
        ],
        "C2": [
            0.1101941832631,
            0.270352516112661,
            0.075326220484224
        ],
        "C3": [
            0.506448529350443,
            0.037240267456439,
            0.036230052544549
        ],
        "C4": [
            0.740552535673872,
            0.46493370231835,
            0.072183934568788
        ],
        "C5": [
            0.594701215959958,
            0.1262649807559,
            0.300367330188088
        ],
        "C6": [
            0.080976235477753,
            0.270595117584581,
            0.369076923778514
        ],
        "D1": [
            0.883434807623662,
            0.788384718671345,
            0.836238781035498
        ],
        "D2": [
            0.626351993737484,
            0.58884366,
            0.61647007022517
        ],
        "D3": [
            0.398849427401023,
            0.386377788464537,
            0.397120292486526
        ],
        "D4": [
            0.19952623,
            0.19952623,
            0.19952623
        ],
        "D5": [
            0.078475095061473,
            0.080194133670361,
            0.078149606651928
        ],
        "D6": [
            0.023632445882391,
            0.022006544434361,
            0.022026103966461
        ]
    }
}