{
    "description": "从图像中提取的色卡数据 - 2025-09-15 10:55",
    "color_space": "ACEScg (AP1 primaries, D60 white point)",
    "conversion_path": "直接从原图像读取RGB值（假设为ACEScg）",
    "data": {
        "A1": [
            0.2422366589307785,
            0.19747252762317657,
            0.14428013563156128
        ],
        "A2": [
            0.30210593342781067,
            0.2390185296535492,
            0.15991158783435822
        ],
        "A3": [
            0.274454802274704,
            0.25142085552215576,
            0.20591498911380768
        ],
        "A4": [
            0.4279719889163971,
            0.2618209421634674,
            0.16324482858181
        ],
        "A5": [
            0.2780955731868744,
            0.2103937268257141,
            0.1421758383512497
        ],
        "A6": [
            0.212394580245018,
            0.16122406721115112,
            0.11444414407014847
        ],
        "B1": [
            0.1599145233631134,
            0.11672478914260864,
            0.08701512217521667
        ],
        "B2": [
            0.23099453747272491,
            0.15606479346752167,
            0.09239596128463745
        ],
        "B3": [
            0.3883987069129944,
            0.35767266154289246,
            0.2881743311882019
        ],
        "B4": [
            0.44702401757240295,
            0.2632162868976593,
            0.14282982051372528
        ],
        "B5": [
            0.3516398072242737,
            0.3087218701839447,
            0.2550518810749054
        ],
        "B6": [
            0.2414107769727707,
            0.18136440217494965,
            0.122835673391819
        ],
        "C1": [
            0.15370537340641022,
            0.127009779214859,
            0.1005619540810585
        ],
        "C2": [
            0.12391603738069534,
            0.0988786369562149,
            0.07303095608949661
        ],
        "C3": [
            0.14555023610591888,
            0.14676474034786224,
            0.14575625956058502
        ],
        "C4": [
            0.5753922462463379,
            0.5188195109367371,
            0.4585477411746979
        ],
        "C5": [
            0.12579232454299927,
            0.10852231830358505,
            0.10499600321054459
        ],
        "C6": [
            0.5315673351287842,
            0.5312067866325378,
            0.4954185485839844
        ],
        "D1": [
            0.032656434923410416,
            0.02667275257408619,
            0.019218072295188904
        ],
        "D2": [
            0.1728454977273941,
            0.14823497831821442,
            0.12488554418087006
        ],
        "D3": [
            0.2619028687477112,
            0.2499120980501175,
            0.22970154881477356
        ],
        "D4": [
            0.4681544303894043,
            0.45404770970344543,
            0.4132559895515442
        ],
        "D5": [
            0.3484630286693573,
            0.3372234106063843,
            0.2801312208175659
        ],
        "D6": [
            0.293582946062088,
            0.19017662107944489,
            0.11934395134449005
        ]
    }
}