{
    "description": "Fujifilm C200 彩色负片 - 日光型，ISO 200，适合日常拍摄",
    "film_type": "fujifilm_c200",
    "color_space": "ACEScg (从Kodak Endura Premier转换)",
    "processing": "ColorChecker光谱内积 + 密度矩阵变换 + RGB三通道增益调整 + 色彩空间转换",
    "white_reference": "white 9.5色块调整至[0.8791659, 0.8839434, 0.8406781]",
    "gains": {
        "r": 0.006219591655180902,
        "g": 0.00842498793951565,
        "b": 0.004664404276889722
    },
    "data": {
        "A1": [
            0.15096651720466367,
            0.08834108993507558,
            0.06595258115953806
        ],
        "A2": [
            0.5914009508516973,
            0.28487686733013357,
            0.24215797751531284
        ],
        "A3": [
            0.07565508905685914,
            0.22315003163612782,
            0.33275614705322865
        ],
        "A4": [
            0.08170763007496182,
            0.15944950952913056,
            0.06903706424072577
        ],
        "A5": [
            0.20533983381116433,
            0.26471654451269855,
            0.44318682208608784
        ],
        "A6": [
            0.1143190635399137,
            0.5040184979481082,
            0.4299338611165163
        ],
        "B1": [
            0.7006138143268438,
            0.2035571072300052,
            0.06168079048320179
        ],
        "B2": [
            0.026014055047004818,
            0.1565582207867357,
            0.3862089782166657
        ],
        "B3": [
            0.5818416579426299,
            0.1042348566556487,
            0.1462720738791731
        ],
        "B4": [
            0.09564119940771808,
            0.07134777689531792,
            0.16993838285875665
        ],
        "B5": [
            0.30026541380309274,
            0.44801183491340696,
            0.08393902042857034
        ],
        "B6": [
            0.7107238695549297,
            0.3522778924546979,
            0.0671077336606415
        ],
        "C1": [
            0.0,
            0.08877148913111203,
            0.2753550274425001
        ],
        "C2": [
            0.048731180076891784,
            0.27345163545618767,
            0.0828492146356015
        ],
        "C3": [
            0.5095109591742039,
            0.05812612164649689,
            0.05652482983345697
        ],
        "C4": [
            0.8164644161829511,
            0.5135048737134467,
            0.06242510447161269
        ],
        "C5": [
            0.5639012986313082,
            0.1314870342333579,
            0.3271059730992425
        ],
        "C6": [
            0.0,
            0.2551261610286772,
            0.3688060579041282
        ],
        "D1": [
            0.8820825848444277,
            0.8815695159479655,
            0.8382945706993628
        ],
        "D2": [
            0.5468635275160075,
            0.6032864594054882,
            0.5979744497070073
        ],
        "D3": [
            0.32380075809932185,
            0.39667180379131706,
            0.39617682340734867
        ],
        "D4": [
            0.15507824982785096,
            0.21223490758497032,
            0.2106749507128125
        ],
        "D5": [
            0.0652195255804662,
            0.1070287132630429,
            0.10672533926964628
        ],
        "D6": [
            0.020727768413169048,
            0.04052946584263428,
            0.04027725965754524
        ]
    }
}