{
    "description": "Fujifilm Pro 400H 专业彩色负片 - 日光型，ISO 400，高饱和度",
    "film_type": "fujifilm_pro_400h",
    "color_space": "胶片敏感度响应空间",
    "processing": "ColorChecker光谱内积 + 密度矩阵变换 + RGB三通道增益调整",
    "white_reference": "white 9.5色块调整至[0.8913, 0.8913, 0.8913]",
    "gains": {
        "r": 0.012144926916929892,
        "g": 0.010873785059000465,
        "b": 0.0067207716387222
    },
    "data": {
        "A1": [
            0.12890908145981161,
            0.08822583494627921,
            0.06533237926714683
        ],
        "A2": [
            0.4974069995902029,
            0.29346659547742837,
            0.2408265056948988
        ],
        "A3": [
            0.12488245160447421,
            0.21761084925750304,
            0.33939041056057473
        ],
        "A4": [
            0.09914313801234573,
            0.16550144479036405,
            0.07046628306603285
        ],
        "A5": [
            0.228995919300184,
            0.25609864347270533,
            0.45745009262492564
        ],
        "A6": [
            0.22512613312897053,
            0.5173477811117955,
            0.43387912377433024
        ],
        "B1": [
            0.5561944695144799,
            0.20392775083438167,
            0.06936710204149296
        ],
        "B2": [
            0.07598935841241854,
            0.1407222931617407,
            0.39682040532231466
        ],
        "B3": [
            0.4474520430438451,
            0.10909944428766966,
            0.14566015928097834
        ],
        "B4": [
            0.08557275524235543,
            0.0661306176333131,
            0.16698226077774586
        ],
        "B5": [
            0.32598962479202215,
            0.4752517864415501,
            0.09628903802931822
        ],
        "B6": [
            0.6004105701718186,
            0.3592353688814328,
            0.08067284486777762
        ],
        "C1": [
            0.03416023089652415,
            0.0750108367022807,
            0.28516006328152893
        ],
        "C2": [
            0.10312367502111121,
            0.2947002685757455,
            0.08505549768546097
        ],
        "C3": [
            0.3561457795913212,
            0.0655616472298231,
            0.05676598212299892
        ],
        "C4": [
            0.7090380495085193,
            0.5426599258163373,
            0.0845761523845631
        ],
        "C5": [
            0.4277676755456083,
            0.12651339263666483,
            0.338360420795644
        ],
        "C6": [
            0.06242367696684265,
            0.25754580285131545,
            0.3675197685430886
        ],
        "D1": [
            0.8913,
            0.8913,
            0.8913
        ],
        "D2": [
            0.5711447883330861,
            0.6066647395668354,
            0.6292088070660189
        ],
        "D3": [
            0.35019306888026414,
            0.3974208538267512,
            0.41010454829983906
        ],
        "D4": [
            0.17435452324905237,
            0.21160335648844872,
            0.2134294341007749
        ],
        "D5": [
            0.07843183567852208,
            0.10632253159355944,
            0.10575566641870515
        ],
        "D6": [
            0.02664222976835719,
            0.04009237570436276,
            0.038906614059251644
        ]
    }
}