{
    "description": "Fujifilm Xtra 400 彩色负片 - 日光型，ISO 400，色彩鲜艳",
    "film_type": "fujifilm_xtra_400",
    "color_space": "胶片敏感度响应空间",
    "processing": "ColorChecker光谱内积 + 密度矩阵变换 + RGB三通道增益调整",
    "white_reference": "white 9.5色块调整至[0.8791659, 0.8839434, 0.8406781]",
    "gains": {
        "r": 0.007295429816978978,
        "g": 0.008728901650240749,
        "b": 0.005000012948583467
    },
    "data": {
        "A1": [
            0.1275015308791013,
            0.08936306083739443,
            0.06150993497480227
        ],
        "A2": [
            0.48827013371586114,
            0.28959534224311334,
            0.23447534082900667
        ],
        "A3": [
            0.12367124231600532,
            0.21084242024974106,
            0.31628734706228845
        ],
        "A4": [
            0.09860762387289096,
            0.1652582870049737,
            0.06786164333912015
        ],
        "A5": [
            0.2262468703272552,
            0.24876256482706993,
            0.4221087602809042
        ],
        "A6": [
            0.22462473777216266,
            0.5019817651485875,
            0.42001591563273344
        ],
        "B1": [
            0.545663829143835,
            0.2167405128352629,
            0.0671125328921832
        ],
        "B2": [
            0.0756359067122352,
            0.1345435821745245,
            0.3654003966650126
        ],
        "B3": [
            0.4339001710888149,
            0.10807945798900308,
            0.1340191886321305
        ],
        "B4": [
            0.08637779861457066,
            0.06391950979355256,
            0.14830267864062943
        ],
        "B5": [
            0.3244406235091818,
            0.47476661798289066,
            0.09559098459268157
        ],
        "B6": [
            0.5911160886124422,
            0.37789196517521295,
            0.07806170290272066
        ],
        "C1": [
            0.03378922479924965,
            0.07088222645303446,
            0.2620882646353209
        ],
        "C2": [
            0.10344908858445966,
            0.28523356083320156,
            0.08538948805079014
        ],
        "C3": [
            0.35184092506294307,
            0.0657452277646229,
            0.05365929376521385
        ],
        "C4": [
            0.7002867012818759,
            0.5537705571616913,
            0.08168732026000786
        ],
        "C5": [
            0.42158304999075846,
            0.12299660060071674,
            0.305055143501845
        ],
        "C6": [
            0.062104724413397754,
            0.23949176837976383,
            0.35435104329298567
        ],
        "D1": [
            0.8791659,
            0.8839434,
            0.8406781
        ],
        "D2": [
            0.5631481604654358,
            0.6012405712201371,
            0.589838385711408
        ],
        "D3": [
            0.3452135533583309,
            0.3937432046147422,
            0.3837762973591957
        ],
        "D4": [
            0.1717802184725128,
            0.20982547024322126,
            0.19948352425472524
        ],
        "D5": [
            0.0772944308809438,
            0.10530068417118078,
            0.09871390966599361
        ],
        "D6": [
            0.026274738986222367,
            0.03968253390737481,
            0.03626645558351863
        ]
    }
}