{
    "description": "胶片 fujifilm_c200 模拟的ColorChecker 24色块在ACEScg色彩空间的RGB值",
    "color_space": "ACEScg (AP1 primaries, D60 white point)",
    "conversion_path": "胶片光谱特性 → 密度变换 → ACEScg RGB",
    "film_type": "fujifilm_c200",
    "optimization_loss": 4.850500156408898,
    "data": {
        "A1": [
            0.12664776634913902,
            0.07527657078276524,
            0.045831210150121905
        ],
        "A2": [
            0.4608620842964721,
            0.27531464576289494,
            0.18924503986496283
        ],
        "A3": [
            0.14479536484573127,
            0.18159072064690163,
            0.2732704121301601
        ],
        "A4": [
            0.11409863974893808,
            0.14478033647900745,
            0.06283029538308361
        ],
        "A5": [
            0.24498989095984922,
            0.2195849413020442,
            0.3837341021539817
        ],
        "A6": [
            0.2714753522571303,
            0.4787691598552167,
            0.41140023534210424
        ],
        "B1": [
            0.4700477136332614,
            0.21752273516779058,
            0.0
        ],
        "B2": [
            0.0915551748979058,
            0.1105916248235629,
            0.25425094364886464
        ],
        "B3": [
            0.3447593839751531,
            0.09579236829937665,
            0.06857681593764163
        ],
        "B4": [
            0.09128895242570581,
            0.04914230394867532,
            0.13473137377860048
        ],
        "B5": [
            0.3596090243057071,
            0.48503021025319654,
            0.01734740918495813
        ],
        "B6": [
            0.555585605048746,
            0.3905960850933413,
            0.0
        ],
        "C1": [
            0.04266375599068159,
            0.05509857146056486,
            0.15068457386979092
        ],
        "C2": [
            0.1306993482045093,
            0.2662660333782914,
            0.0870196974945154
        ],
        "C3": [
            0.27420405798244146,
            0.0574645473720571,
            0.0
        ],
        "C4": [
            0.6888335449486349,
            0.5981856734576594,
            0.0
        ],
        "C5": [
            0.35710034253845585,
            0.10732326335777088,
            0.2737457276605426
        ],
        "C6": [
            0.08620911142052128,
            0.20690906130069628,
            0.2526512400895923
        ],
        "D1": [
            0.9008464842920212,
            0.90860026291539,
            0.8527521737997771
        ],
        "D2": [
            0.5859866951072792,
            0.5918599484236837,
            0.5941300947739012
        ],
        "D3": [
            0.36542767114613667,
            0.3704002060962601,
            0.38395946065013037
        ],
        "D4": [
            0.18541248632779364,
            0.18486619500624815,
            0.19699517612292977
        ],
        "D5": [
            0.08596304907489924,
            0.0861625850368381,
            0.09572402820054113
        ],
        "D6": [
            0.03162353223421973,
            0.031622888120397374,
            0.032443729567158464
        ]
    }
}