{
    "description": "Fujifilm Pro 400H 专业彩色负片 - 日光型，ISO 400，高饱和度",
    "film_type": "fujifilm_pro_400h",
    "color_space": "胶片敏感度响应空间",
    "processing": "ColorChecker光谱内积 + 密度矩阵变换 + RGB三通道增益调整",
    "white_reference": "white 9.5色块调整至[0.8791659, 0.8839434, 0.8406781]",
    "gains": {
        "r": 0.011979586674920781,
        "g": 0.010784035157547483,
        "b": 0.0063390615188767645
    },
    "data": {
        "A1": [
            0.12715412164230738,
            0.08749763773168727,
            0.06162178892716746
        ],
        "A2": [
            0.49063533317740415,
            0.2910443848230031,
            0.2271486247472529
        ],
        "A3": [
            0.1231823100628901,
            0.21581473574505186,
            0.3201145355192232
        ],
        "A4": [
            0.09779340980528231,
            0.16413543118243765,
            0.06646410968474653
        ],
        "A5": [
            0.22587838380777922,
            0.2539848599199495,
            0.4314689495262495
        ],
        "A6": [
            0.2220612806528118,
            0.5130777029265301,
            0.4092367075106791
        ],
        "B1": [
            0.5486224743248291,
            0.2022445746963942,
            0.06542735728346052
        ],
        "B2": [
            0.07495484424893584,
            0.13956080138358118,
            0.37428276044832615
        ],
        "B3": [
            0.44136046014751573,
            0.10819896075592202,
            0.13738730612591732
        ],
        "B4": [
            0.08440777334020545,
            0.06558478962738779,
            0.15749840651221778
        ],
        "B5": [
            0.32155162332653475,
            0.4713291596131692,
            0.09082024631584759
        ],
        "B6": [
            0.5922366198750365,
            0.35627031680613463,
            0.0760909838943543
        ],
        "C1": [
            0.03369517574368951,
            0.07439171326316481,
            0.26896423223986904
        ],
        "C2": [
            0.10171975604313109,
            0.2922678754468278,
            0.08022472140555106
        ],
        "C3": [
            0.35129723420352915,
            0.0650205153841921,
            0.05354192527296831
        ],
        "C4": [
            0.6993852518011914,
            0.5381809265901952,
            0.0797726007987938
        ],
        "C5": [
            0.4219440743430524,
            0.12546917809131436,
            0.3191430446198609
        ],
        "C6": [
            0.06157384510474979,
            0.2554200747538668,
            0.34664627031442075
        ],
        "D1": [
            0.8791659,
            0.8839434,
            0.8406781
        ],
        "D2": [
            0.5633692604792631,
            0.6016574582663784,
            0.5934725282480947
        ],
        "D3": [
            0.34542556330739305,
            0.39414062690735047,
            0.38681242282740563
        ],
        "D4": [
            0.1719808721545204,
            0.2098568275393373,
            0.20130758571066362
        ],
        "D5": [
            0.07736406978902721,
            0.1054449681066065,
            0.09974921206003677
        ],
        "D6": [
            0.02627952419197188,
            0.03976146179085808,
            0.03669689036773806
        ]
    }
}