{
    "description": "Fujifilm C200 彩色负片 - 日光型，ISO 200，适合日常拍摄",
    "film_type": "fujifilm_c200",
    "color_space": "胶片敏感度响应空间",
    "processing": "ColorChecker光谱内积 + 密度矩阵变换 + RGB三通道增益调整",
    "white_reference": "white 9.5色块调整至[0.8791659, 0.8839434, 0.8406781]",
    "gains": {
        "r": 0.006219591655180902,
        "g": 0.00842498793951565,
        "b": 0.004664404276889722
    },
    "data": {
        "A1": [
            0.13186735632311106,
            0.09149201245648698,
            0.06752930317021268
        ],
        "A2": [
            0.5022017991705067,
            0.29665586721248577,
            0.2461969766488063
        ],
        "A3": [
            0.12428051827624256,
            0.21262976538007025,
            0.32591367262328536
        ],
        "A4": [
            0.09784534146752229,
            0.16197904931076593,
            0.07358261891958226
        ],
        "A5": [
            0.23352037364103723,
            0.25316085076851774,
            0.4330414092105552
        ],
        "A6": [
            0.21949810243779383,
            0.49603956213206357,
            0.4318623427377206
        ],
        "B1": [
            0.5513186625905261,
            0.22661402713600307,
            0.07222457517661345
        ],
        "B2": [
            0.07754750826031503,
            0.14001934037136587,
            0.37285583387475146
        ],
        "B3": [
            0.449813354727244,
            0.11667056457848464,
            0.1465909824109157
        ],
        "B4": [
            0.09510381547477859,
            0.0667245994354023,
            0.164648429200568
        ],
        "B5": [
            0.3186204471644547,
            0.46329471675850303,
            0.10315385452755493
        ],
        "B6": [
            0.5913487171119794,
            0.3788690701254273,
            0.08477088373787646
        ],
        "C1": [
            0.034470927760238065,
            0.07575908968794612,
            0.26458197049251686
        ],
        "C2": [
            0.09991025416643594,
            0.2769086801752348,
            0.0920967387501574
        ],
        "C3": [
            0.38208396993456323,
            0.07213118751856026,
            0.0590999637930037
        ],
        "C4": [
            0.702113325037618,
            0.5474256686260185,
            0.08890978899117885
        ],
        "C5": [
            0.4544583057243954,
            0.13416058190759825,
            0.31872682513727574
        ],
        "C6": [
            0.06141459958635947,
            0.24029941108082897,
            0.36100959127304605
        ],
        "D1": [
            0.8791659,
            0.8839434000000002,
            0.8406781
        ],
        "D2": [
            0.5624387723068471,
            0.6018361913034241,
            0.5979558022580326
        ],
        "D3": [
            0.34432415914797176,
            0.3944519001150406,
            0.3958025488769041
        ],
        "D4": [
            0.17110079678953463,
            0.21055756564158915,
            0.21044584735103417
        ],
        "D5": [
            0.07699342348542486,
            0.10575611721862292,
            0.10651166852955211
        ],
        "D6": [
            0.026297179039958,
            0.03993265138612667,
            0.04018203093274041
        ]
    }
}