{
    "description": "ColorChecker 24色块在ACEScg色彩空间的RGB值",
    "color_space": "ACEScg (AP1 primaries, D60 white point)",
    "conversion_path": "Lab(D50) → XYZ(D50) → XYZ(D60) [Bradford] → ACEScg RGB",
    "film_profile": "fujifilm_pro_400h_auc",
    "paper_profile": "kodak_endura_premier_uc",
    "export_timestamp": "2025-09-08T17:41:47.165928",
    "processing_time_seconds": 0.0,
    "data": {
        "A1": [
            0.097971325203667,
            0.033500177457379,
            0.013681895393937
        ],
        "A2": [
            0.581487560351951,
            0.378858747593896,
            0.256262007771837
        ],
        "A3": [
            0.111802566525943,
            0.181433777074215,
            0.414385382644295
        ],
        "A4": [
            0.083561620578607,
            0.107901450310304,
            0.02315055190904
        ],
        "A5": [
            0.284906014644789,
            0.266144427069556,
            0.54372670866259
        ],
        "A6": [
            0.343442303633072,
            0.585796464125856,
            0.614171379608047
        ],
        "B1": [
            0.54141335137561,
            0.212711952406182,
            0.026732284913828
        ],
        "B2": [
            0.038888577627857,
            0.051395002176782,
            0.400564420898371
        ],
        "B3": [
            0.365113197698972,
            0.063720299800989,
            0.052396721593281
        ],
        "B4": [
            0.035488715505446,
            0.017626054864493,
            0.07548555929949
        ],
        "B5": [
            0.555758894416312,
            0.516681107128155,
            0.052442035604416
        ],
        "B6": [
            0.691403724007472,
            0.44928011003157,
            0.040565305781816
        ],
        "C1": [
            0.016283228848118,
            0.010830946854798,
            0.259045647785685
        ],
        "C2": [
            0.119744606514152,
            0.25676696865396,
            0.04059781931675
        ],
        "C3": [
            0.308377866886607,
            0.039325864683176,
            0.012202314928869
        ],
        "C4": [
            0.772842946146526,
            0.575297680460594,
            0.046048620539752
        ],
        "C5": [
            0.363169500540465,
            0.068493120854734,
            0.29623156481297
        ],
        "C6": [
            0.043430841245232,
            0.205955378783923,
            0.479604193120611
        ],
        "D1": [
            0.831808329134085,
            0.84213493803855,
            0.837830485233609
        ],
        "D2": [
            0.72363451759387,
            0.739047769438081,
            0.74530404738288
        ],
        "D3": [
            0.518444483681661,
            0.534244084535463,
            0.55222518499275
        ],
        "D4": [
            0.199996699107464,
            0.200000263322958,
            0.200001285764563
        ],
        "D5": [
            0.03472527273831,
            0.035920930420627,
            0.033141761300382
        ],
        "D6": [
            0.005463688600304,
            0.007014736245631,
            0.00684256061639
        ]
    }
}