{
    "description": "Fujifilm Pro 400H 专业彩色负片 - 日光型，ISO 400，高饱和度",
    "film_type": "fujifilm_pro_400h",
    "color_space": "ACEScg (从Kodak Endura Premier转换)",
    "processing": "ColorChecker光谱内积 + 密度矩阵变换 + RGB三通道增益调整 + 色彩空间转换",
    "white_reference": "white 9.5色块调整至[0.8791659, 0.8839434, 0.8406781]",
    "gains": {
        "r": 0.011979586674920781,
        "g": 0.010784035157547483,
        "b": 0.0063390615188767645
    },
    "data": {
        "A1": [
            0.14617596607727973,
            0.08426340926534512,
            0.05994269761955602
        ],
        "A2": [
            0.5789232214573833,
            0.27871896027715765,
            0.22239604259876664
        ],
        "A3": [
            0.07382503416289599,
            0.22598252499832097,
            0.3264816955611973
        ],
        "A4": [
            0.08179972155523456,
            0.16114753488244607,
            0.06141465444599943
        ],
        "A5": [
            0.19452639040514963,
            0.2657590951408236,
            0.44153125386691905
        ],
        "A6": [
            0.11545349824205052,
            0.51931122035365,
            0.4051833186333262
        ],
        "B1": [
            0.7047523847156771,
            0.17930961867329998,
            0.055733952217848444
        ],
        "B2": [
            0.02234237194207318,
            0.15630310309774606,
            0.38775374730468776
        ],
        "B3": [
            0.5734785708702681,
            0.09571883679060364,
            0.13702747325094874
        ],
        "B4": [
            0.08173642265133339,
            0.07025772912134946,
            0.16251028927435796
        ],
        "B5": [
            0.3034097610419453,
            0.4550505361163894,
            0.07050033863152012
        ],
        "B6": [
            0.7195937238156443,
            0.32950603646715587,
            0.05906372327176436
        ],
        "C1": [
            0.0,
            0.08772143107285327,
            0.28005430066861836
        ],
        "C2": [
            0.048091916782009726,
            0.28776666562137687,
            0.06953988204944024
        ],
        "C3": [
            0.4689280100267378,
            0.05211844121699157,
            0.05119456094539488
        ],
        "C4": [
            0.8163726169936263,
            0.5039884111625356,
            0.05325504506152804
        ],
        "C5": [
            0.5206828625697456,
            0.12435501906945019,
            0.3281720253016836
        ],
        "C6": [
            0.0,
            0.269128689215818,
            0.35288825047364664
        ],
        "D1": [
            0.8820825848444277,
            0.8815695159479654,
            0.8382945706993628
        ],
        "D2": [
            0.548728154538444,
            0.6028039168288074,
            0.5932445834901741
        ],
        "D3": [
            0.326450814429515,
            0.3957831442031193,
            0.3866944290601305
        ],
        "D4": [
            0.15754820850669182,
            0.21096398574285047,
            0.20105687197734695
        ],
        "D5": [
            0.06659166597516722,
            0.10630409067942766,
            0.09959915849123374
        ],
        "D6": [
            0.021144631833138944,
            0.040154275251028326,
            0.036606451885402326
        ]
    }
}