{
    "description": "胶片 fujifilm_xtra_400 模拟的ColorChecker 24色块在ACEScg色彩空间的RGB值",
    "color_space": "ACEScg (AP1 primaries, D60 white point)",
    "conversion_path": "胶片光谱特性 → 密度变换 → ACEScg RGB",
    "film_type": "fujifilm_xtra_400",
    "optimization_loss": 4.695768451177657,
    "data": {
        "A1": [
            0.1258919741939178,
            0.07459007291338404,
            0.04528407962571901
        ],
        "A2": [
            0.46004693341383157,
            0.2727748143682869,
            0.1884069217505692
        ],
        "A3": [
            0.14418276212893474,
            0.18085591408635582,
            0.27309686662454374
        ],
        "A4": [
            0.11258924462190639,
            0.14534128639576005,
            0.06201160056035759
        ],
        "A5": [
            0.24282451128693616,
            0.21928774945077656,
            0.38383925619320264
        ],
        "A6": [
            0.2693953763479042,
            0.4766767897003781,
            0.40638545425937794
        ],
        "B1": [
            0.47196714649569116,
            0.20850020843684566,
            0.0
        ],
        "B2": [
            0.0904328490137389,
            0.10767077365249075,
            0.25463223895849624
        ],
        "B3": [
            0.3552629947038664,
            0.09273374245490869,
            0.06050702727636712
        ],
        "B4": [
            0.08841170792284389,
            0.04900437700540417,
            0.1302564902756223
        ],
        "B5": [
            0.35148570990207084,
            0.48101533212652253,
            0.016420044377170345
        ],
        "B6": [
            0.5502454171234786,
            0.38417557519751455,
            0.0
        ],
        "C1": [
            0.04228581101413909,
            0.05225796540298071,
            0.15258238399469218
        ],
        "C2": [
            0.12808261505871393,
            0.2642146003491002,
            0.08472792311662077
        ],
        "C3": [
            0.2733263795101192,
            0.05463023597144435,
            0.0
        ],
        "C4": [
            0.6709430594319341,
            0.5894736908847298,
            0.0
        ],
        "C5": [
            0.3591866899960351,
            0.10359855676498761,
            0.2761589203671198
        ],
        "C6": [
            0.08425427692860901,
            0.20259756979095359,
            0.25027030203415973
        ],
        "D1": [
            0.9011103189215537,
            0.9099737836484725,
            0.8556676091453712
        ],
        "D2": [
            0.5874336949657651,
            0.5929964421927767,
            0.5940137417492536
        ],
        "D3": [
            0.36689439681240443,
            0.3710988209613645,
            0.38213022032251887
        ],
        "D4": [
            0.1866237618848297,
            0.18514485452474858,
            0.19542874867477675
        ],
        "D5": [
            0.08659052073633693,
            0.08629485150562598,
            0.09482922224930664
        ],
        "D6": [
            0.03162354425211408,
            0.031622889894037415,
            0.032456786344810556
        ]
    }
}