{
    "description": "胶片 fujifilm_pro_400h 模拟的ColorChecker 24色块在ACEScg色彩空间的RGB值",
    "color_space": "ACEScg (AP1 primaries, D60 white point)",
    "conversion_path": "胶片光谱特性 → 密度变换 → ACEScg RGB",
    "film_type": "fujifilm_pro_400h",
    "optimization_loss": 4.93794881050218,
    "data": {
        "A1": [
            0.12438143724069124,
            0.07250748386554215,
            0.04217537795707624
        ],
        "A2": [
            0.46315265870685024,
            0.2774661790476759,
            0.1631415986248215
        ],
        "A3": [
            0.14250784136388828,
            0.18102146093621227,
            0.2845991153316816
        ],
        "A4": [
            0.11056845411991649,
            0.14112087940234797,
            0.0579100175491575
        ],
        "A5": [
            0.24164640324816006,
            0.2217936276975971,
            0.40085891697588766
        ],
        "A6": [
            0.265727082172769,
            0.4778740838510248,
            0.4054439575518731
        ],
        "B1": [
            0.4724172983906644,
            0.19772882917099793,
            0.0
        ],
        "B2": [
            0.08875137880949201,
            0.10849510172615481,
            0.2715404432572872
        ],
        "B3": [
            0.3615702668547718,
            0.09501302497840813,
            0.05027346936465682
        ],
        "B4": [
            0.08606348582968766,
            0.04957282365617774,
            0.1401050352293238
        ],
        "B5": [
            0.348497747237175,
            0.47464644052515403,
            0.0
        ],
        "B6": [
            0.5500543448472099,
            0.36588309179698353,
            0.0
        ],
        "C1": [
            0.04151193647405983,
            0.05274736050340798,
            0.16468218353574063
        ],
        "C2": [
            0.12537193631903337,
            0.2635317832146983,
            0.07603226463284007
        ],
        "C3": [
            0.27374718285965677,
            0.05553828464279464,
            0.0
        ],
        "C4": [
            0.6729731290803728,
            0.5790695644034706,
            0.0
        ],
        "C5": [
            0.3609953300908042,
            0.10770358339971493,
            0.28863457843473805
        ],
        "C6": [
            0.08282590774275,
            0.2076357632962366,
            0.2595744418574692
        ],
        "D1": [
            0.9049744311984704,
            0.9152057802170998,
            0.8487511502171545
        ],
        "D2": [
            0.5882965300609942,
            0.5935211945785069,
            0.5961692355412475
        ],
        "D3": [
            0.3662304975628864,
            0.3693830492652895,
            0.3853832690706413
        ],
        "D4": [
            0.1854370513578527,
            0.18269059929105685,
            0.19776675356815954
        ],
        "D5": [
            0.08554479498954155,
            0.08445272201841544,
            0.0964876619066159
        ],
        "D6": [
            0.0316235408203127,
            0.03162288938756097,
            0.03245305788237789
        ]
    }
}