{
    "description": "Fujifilm Xtra 400 彩色负片 - 日光型，ISO 400，色彩鲜艳",
    "film_type": "fujifilm_xtra_400",
    "color_space": "ACEScg (从Kodak Endura Premier转换)",
    "processing": "ColorChecker光谱内积 + 密度矩阵变换 + RGB三通道增益调整 + 色彩空间转换",
    "white_reference": "white 9.5色块调整至[0.8791659, 0.8839434, 0.8406781]",
    "gains": {
        "r": 0.007295429816978978,
        "g": 0.008728901650240749,
        "b": 0.005000012948583467
    },
    "data": {
        "A1": [
            0.14612848751435378,
            0.08607581260473027,
            0.059729665112998515
        ],
        "A2": [
            0.5752002724825163,
            0.2778318865297392,
            0.23021746804793283
        ],
        "A3": [
            0.07640481237110541,
            0.2208453534624122,
            0.32268577502705265
        ],
        "A4": [
            0.08245766123292078,
            0.16229992895848055,
            0.06282934211191736
        ],
        "A5": [
            0.1976315934159069,
            0.26005164837260436,
            0.431907033584252
        ],
        "A6": [
            0.12111173352147986,
            0.5089356463656647,
            0.4171005890630686
        ],
        "B1": [
            0.6961387740342247,
            0.1937872342255224,
            0.05680903698096704
        ],
        "B2": [
            0.025773211596170208,
            0.1508123948229514,
            0.37862191700572606
        ],
        "B3": [
            0.563399797846987,
            0.09571908027469357,
            0.13352202932449145
        ],
        "B4": [
            0.08602941423852725,
            0.06798862509193278,
            0.15287305983103203
        ],
        "B5": [
            0.3059261562595916,
            0.45859084047336435,
            0.07534867790981375
        ],
        "B6": [
            0.711437446270984,
            0.3509274912949029,
            0.06007455154438551
        ],
        "C1": [
            0.0,
            0.08385756890211703,
            0.2729691605322949
        ],
        "C2": [
            0.05201293446043548,
            0.28108515455337085,
            0.07533247381056125
        ],
        "C3": [
            0.4694663327912576,
            0.05281469342087991,
            0.05127914991626174
        ],
        "C4": [
            0.8128403920012478,
            0.5193901635147876,
            0.054494998103682614
        ],
        "C5": [
            0.5224842462202086,
            0.12110026988859154,
            0.3134239804806487
        ],
        "C6": [
            0.0,
            0.253905992010337,
            0.36181239110386826
        ],
        "D1": [
            0.8820825848444277,
            0.8815695159479654,
            0.8382945706993628
        ],
        "D2": [
            0.548947886073884,
            0.6021869866807293,
            0.5894299124769345
        ],
        "D3": [
            0.32661045437440717,
            0.3952205922665722,
            0.3835100910602051
        ],
        "D4": [
            0.15748005543526833,
            0.21083304300853578,
            0.19913387769247468
        ],
        "D5": [
            0.06665241466525311,
            0.10610353323956183,
            0.09851373695907643
        ],
        "D6": [
            0.02120944852579731,
            0.04005123989010004,
            0.03615597851935117
        ]
    }
}