{
    "description": "Kodak Portra 800 专业彩色负片 - 日光型，ISO 800，人像专用",
    "film_type": "kodak_portra_800",
    "color_space": "ACEScg (从Kodak Endura Premier转换)",
    "processing": "ColorChecker光谱内积 + 密度矩阵变换 + RGB三通道增益调整 + 色彩空间转换",
    "white_reference": "white 9.5色块调整至[0.8791659, 0.8839434, 0.8406781]",
    "gains": {
        "r": 0.00013646184465992904,
        "g": 0.00041699200743104,
        "b": 0.00033938805152278336
    },
    "data": {
        "A1": [
            0.16722097290733207,
            0.08606659283613337,
            0.06506470533806895
        ],
        "A2": [
            0.6509329616951678,
            0.2819313896295515,
            0.22984308479874252
        ],
        "A3": [
            0.07767097221987486,
            0.23120142427099222,
            0.3380145559663969
        ],
        "A4": [
            0.08031541004399978,
            0.156246488228505,
            0.066065508447771
        ],
        "A5": [
            0.23515275646653977,
            0.2743909695219402,
            0.45987731753122313
        ],
        "A6": [
            0.09801812132938359,
            0.5109819676328574,
            0.4128161917296292
        ],
        "B1": [
            0.7169621039768493,
            0.1896306744937668,
            0.05866701620894009
        ],
        "B2": [
            0.03339856790624418,
            0.16752420107316437,
            0.3968249606769941
        ],
        "B3": [
            0.6335417918382548,
            0.10148901831998253,
            0.15059912208803233
        ],
        "B4": [
            0.13397023283853055,
            0.0755446938718541,
            0.18642812277951767
        ],
        "B5": [
            0.28384884512772374,
            0.435850970980173,
            0.07644797693304471
        ],
        "B6": [
            0.7118933634270693,
            0.33003075128471077,
            0.0641508276557061
        ],
        "C1": [
            0.0,
            0.09767044240678453,
            0.2826925709156106
        ],
        "C2": [
            0.037854156979853275,
            0.2733364212242074,
            0.07414380411689817
        ],
        "C3": [
            0.6138058909850819,
            0.050099849814014816,
            0.05502467836537982
        ],
        "C4": [
            0.824775870349016,
            0.4892270857965569,
            0.05929000142137441
        ],
        "C5": [
            0.6914237364579868,
            0.13398156775687878,
            0.3533356197595878
        ],
        "C6": [
            0.0,
            0.2695480554530278,
            0.3540282811824405
        ],
        "D1": [
            0.8820825848444275,
            0.8815695159479654,
            0.8382945706993628
        ],
        "D2": [
            0.5419314474755577,
            0.60585663609114,
            0.6059671506467219
        ],
        "D3": [
            0.3183101302118336,
            0.39905772945554985,
            0.40177724619755156
        ],
        "D4": [
            0.15119180988868805,
            0.21351961527539812,
            0.21249304303386155
        ],
        "D5": [
            0.06346192322528048,
            0.10778834264558668,
            0.10676509816971834
        ],
        "D6": [
            0.020649667189113916,
            0.04083026245028978,
            0.03997232742401263
        ]
    }
}