{
    "description": "Kodak Vision3 50D 电影胶片 - 日光型，ISO 50，电影级",
    "film_type": "kodak_vision3_50d",
    "color_space": "ACEScg (从Kodak Endura Premier转换)",
    "processing": "ColorChecker光谱内积 + 密度矩阵变换 + RGB三通道增益调整 + 色彩空间转换",
    "white_reference": "white 9.5色块调整至[0.8791659, 0.8839434, 0.8406781]",
    "gains": {
        "r": 0.003968910448204498,
        "g": 0.006617114862959046,
        "b": 0.003360158952503305
    },
    "data": {
        "A1": [
            0.16541528207466957,
            0.08598551827216414,
            0.0632538674432755
        ],
        "A2": [
            0.6422979401205975,
            0.28028406144739293,
            0.22752823509078096
        ],
        "A3": [
            0.07679394862122912,
            0.22426483103179243,
            0.33525451011383933
        ],
        "A4": [
            0.07835127045856949,
            0.1610051239026679,
            0.06412592651053169
        ],
        "A5": [
            0.22959866322412034,
            0.26357649545513173,
            0.4524037758293249
        ],
        "A6": [
            0.09370119874446176,
            0.5131109747658188,
            0.41078088690364467
        ],
        "B1": [
            0.7224830844752975,
            0.19200105460982184,
            0.05725293625013146
        ],
        "B2": [
            0.03123287351214223,
            0.15478734141681946,
            0.39862553559711633
        ],
        "B3": [
            0.6389770526526819,
            0.09773564122526074,
            0.14530432322764125
        ],
        "B4": [
            0.12403191363508594,
            0.06912830869772035,
            0.17446925567671007
        ],
        "B5": [
            0.277879373428439,
            0.4535417435131285,
            0.07161814459018905
        ],
        "B6": [
            0.7153027359410102,
            0.3415122028994059,
            0.061304674016738635
        ],
        "C1": [
            0.0,
            0.08685157697010934,
            0.2865941382018401
        ],
        "C2": [
            0.03354808957179291,
            0.28254184030380214,
            0.07058310847724679
        ],
        "C3": [
            0.6063800123114672,
            0.04983336683595427,
            0.05377502780628806
        ],
        "C4": [
            0.8231955080863149,
            0.5096112878198035,
            0.05460112690727856
        ],
        "C5": [
            0.6728648215801465,
            0.1220863688714121,
            0.3401942553104654
        ],
        "C6": [
            0.0,
            0.2624004483610555,
            0.3581440403392938
        ],
        "D1": [
            0.8820825848444277,
            0.8815695159479654,
            0.8382945706993628
        ],
        "D2": [
            0.5440923389036433,
            0.6034419582440276,
            0.599804053894581
        ],
        "D3": [
            0.32054452125648536,
            0.3967088529263319,
            0.39568354133178324
        ],
        "D4": [
            0.152854763129265,
            0.21194731790702923,
            0.20856882699785018
        ],
        "D5": [
            0.06426942575033885,
            0.1068302602747342,
            0.10453633493035581
        ],
        "D6": [
            0.02087669789950747,
            0.040373021331275585,
            0.03894995129090068
        ]
    }
}