{
    "description": "Kodak Ultramax 400 彩色负片 - 日光型，ISO 400，通用型",
    "film_type": "kodak_ultramax_400",
    "color_space": "胶片敏感度响应空间",
    "processing": "ColorChecker光谱内积 + 密度矩阵变换 + RGB三通道增益调整",
    "white_reference": "white 9.5色块调整至[0.8791659, 0.8839434, 0.8406781]",
    "gains": {
        "r": 0.0002450627771526926,
        "g": 0.0005912479270791007,
        "b": 0.00033710848184379915
    },
    "data": {
        "A1": [
            0.1426646884802945,
            0.08971835853613931,
            0.06616821082868793
        ],
        "A2": [
            0.5412391951868828,
            0.2939339214997012,
            0.2323527829622138
        ],
        "A3": [
            0.12826375753626443,
            0.21806954735853543,
            0.3308683574527255
        ],
        "A4": [
            0.09642442962164247,
            0.16128104816919772,
            0.06990502173099944
        ],
        "A5": [
            0.25805729368259106,
            0.2592280450968539,
            0.4486771306668051
        ],
        "A6": [
            0.21075245196677683,
            0.5036025814551551,
            0.4127727643532174
        ],
        "B1": [
            0.5555005396521363,
            0.21359913575506467,
            0.06812509113321165
        ],
        "B2": [
            0.08625955895720551,
            0.14611194303857727,
            0.38519851212798895
        ],
        "B3": [
            0.48304854139197445,
            0.11353847360059065,
            0.14979652489466386
        ],
        "B4": [
            0.12498098438954958,
            0.06976103487229127,
            0.1789264083426346
        ],
        "B5": [
            0.3051307367284135,
            0.4590101927897648,
            0.09354197133880642
        ],
        "B6": [
            0.584343770829823,
            0.36245824927691106,
            0.07996920603717629
        ],
        "C1": [
            0.03705284648619094,
            0.0802917374626741,
            0.274047718494834
        ],
        "C2": [
            0.09311370739423437,
            0.2804512270115454,
            0.08207563345482041
        ],
        "C3": [
            0.45564991822464,
            0.06682323210919038,
            0.05745716338160193
        ],
        "C4": [
            0.701590926553757,
            0.5331220457747159,
            0.08355865251975325
        ],
        "C5": [
            0.5466792373509347,
            0.1348963632095007,
            0.34309919680482664
        ],
        "C6": [
            0.06292922323131461,
            0.251137098366469,
            0.3466940475129186
        ],
        "D1": [
            0.8791658999999998,
            0.8839434,
            0.8406781
        ],
        "D2": [
            0.5599392672047906,
            0.6034943616242263,
            0.6041641200144522
        ],
        "D3": [
            0.3412307261878336,
            0.39610328733134254,
            0.3996719580927322
        ],
        "D4": [
            0.1686235188917043,
            0.2114903054146854,
            0.2112753179927913
        ],
        "D5": [
            0.07588390866030574,
            0.1063923865256743,
            0.10610837532751916
        ],
        "D6": [
            0.026287068798973922,
            0.04021237849350667,
            0.03969546274416039
        ]
    }
}