{
    "description": "ColorChecker 24色块在ACEScg色彩空间的RGB值",
    "color_space": "ACEScg (AP1 primaries, D60 white point)",
    "conversion_path": "Lab(D50) → XYZ(D50) → XYZ(D60) [Bradford] → ACEScg RGB",
    "film_profile": "kodak_vision3_250d_uc",
    "paper_profile": "kodak_2383_uc",
    "export_timestamp": "2025-09-08T22:13:16.295465",
    "processing_time_seconds": 0.0,
    "data": {
        "A1": [
            0.130785110887462,
            0.056178170346122,
            0.017631618375483
        ],
        "A2": [
            0.474670031049686,
            0.331066235615413,
            0.237090661143091
        ],
        "A3": [
            0.127290271685237,
            0.17853807342898,
            0.312411752508391
        ],
        "A4": [
            0.096394517405932,
            0.118973084013165,
            0.027941504089768
        ],
        "A5": [
            0.299884003928307,
            0.252262115998528,
            0.411340802985664
        ],
        "A6": [
            0.291005516274294,
            0.449141147319241,
            0.448290170926252
        ],
        "B1": [
            0.44817006107946,
            0.230441069022335,
            0.027309800237988
        ],
        "B2": [
            0.056435390363692,
            0.077560015806306,
            0.299338458463268
        ],
        "B3": [
            0.31705478322188,
            0.091821222358165,
            0.077618031554544
        ],
        "B4": [
            0.076520333659103,
            0.026547568845466,
            0.090783335213231
        ],
        "B5": [
            0.438091441465337,
            0.420629102722066,
            0.059122892089289
        ],
        "B6": [
            0.528973763365913,
            0.36944997264683,
            0.039231033762074
        ],
        "C1": [
            0.015680995626901,
            0.018765808742067,
            0.180126037777751
        ],
        "C2": [
            0.107245818793567,
            0.216743812793335,
            0.048456818411974
        ],
        "C3": [
            0.255305479910545,
            0.044274326518336,
            0.010887711440798
        ],
        "C4": [
            0.592206782501852,
            0.463736882104617,
            0.044076271316472
        ],
        "C5": [
            0.333337645708952,
            0.10033720373452,
            0.253265590455324
        ],
        "C6": [
            0.048639126005432,
            0.176316141912465,
            0.328944174216256
        ],
        "D1": [
            0.6554739235034,
            0.68128973465626,
            0.707956063155327
        ],
        "D2": [
            0.557890905121664,
            0.563426432450635,
            0.573496927176386
        ],
        "D3": [
            0.422360186776985,
            0.414202539517355,
            0.414497137525071
        ],
        "D4": [
            0.199526100198842,
            0.199526214650383,
            0.199525794292985
        ],
        "D5": [
            0.049557180266607,
            0.05620206654836,
            0.052197233314796
        ],
        "D6": [
            0.006790781998373,
            0.006138365606939,
            0.004692687549753
        ]
    }
}