{
    "description": "胶片 kodak_vision3_50d 模拟的ColorChecker 24色块在ACEScg色彩空间的RGB值",
    "color_space": "ACEScg (AP1 primaries, D60 white point)",
    "conversion_path": "胶片光谱特性 → 密度变换 → ACEScg RGB",
    "film_type": "kodak_vision3_50d",
    "optimization_loss": 4.947998843489872,
    "data": {
        "A1": [
            0.1272602685137664,
            0.07293442595480723,
            0.042521907427399815
        ],
        "A2": [
            0.47313373734044595,
            0.27517344677168365,
            0.15619429688917622
        ],
        "A3": [
            0.1434229640545506,
            0.18204506676202287,
            0.2898560986291053
        ],
        "A4": [
            0.11319262913057186,
            0.14153770421107426,
            0.05986092817626812
        ],
        "A5": [
            0.2509451893388837,
            0.22131464297877063,
            0.4062889822843062
        ],
        "A6": [
            0.2663081204478925,
            0.4815923448259297,
            0.41362332876011165
        ],
        "B1": [
            0.4652195109451008,
            0.20285862815289357,
            0.0
        ],
        "B2": [
            0.09097235212381453,
            0.1093037674684339,
            0.27755162529360544
        ],
        "B3": [
            0.33606060998561493,
            0.09370434603179567,
            0.06300787652272394
        ],
        "B4": [
            0.09649947780008848,
            0.04882356331614418,
            0.1459024221074115
        ],
        "B5": [
            0.3644959638711177,
            0.47244724776755853,
            0.0
        ],
        "B6": [
            0.5623843374704844,
            0.36849782155612865,
            0.0
        ],
        "C1": [
            0.0410958402271127,
            0.053248044090087966,
            0.1658118670492365
        ],
        "C2": [
            0.12767379674208515,
            0.26353362992836843,
            0.077506145502207
        ],
        "C3": [
            0.27835061453022436,
            0.05376006165667763,
            0.0
        ],
        "C4": [
            0.7196307783798983,
            0.5741840763921645,
            0.0
        ],
        "C5": [
            0.36204065094969134,
            0.10537288843256606,
            0.2820135216146797
        ],
        "C6": [
            0.08545894829949975,
            0.21043987371649658,
            0.2679886797159085
        ],
        "D1": [
            0.9124986070248177,
            0.9159738247801099,
            0.8440161524414632
        ],
        "D2": [
            0.5872143382989624,
            0.594404822376887,
            0.5989523020928204
        ],
        "D3": [
            0.36230466808852,
            0.3701754613000711,
            0.39087122016271464
        ],
        "D4": [
            0.18106235259214462,
            0.18324693909087167,
            0.20246837021428724
        ],
        "D5": [
            0.08284105489498797,
            0.08475634791122647,
            0.09940158770987917
        ],
        "D6": [
            0.031623529831948785,
            0.0316228877658624,
            0.03244111963261414
        ]
    }
}