{
    "description": "Kodak Ektar 100 专业彩色负片 - 日光型，ISO 100，超高饱和度",
    "film_type": "kodak_ektar_100",
    "color_space": "ACEScg (从Kodak Endura Premier转换)",
    "processing": "ColorChecker光谱内积 + 密度矩阵变换 + RGB三通道增益调整 + 色彩空间转换",
    "white_reference": "white 9.5色块调整至[0.8791659, 0.8839434, 0.8406781]",
    "gains": {
        "r": 0.0011196942935237921,
        "g": 0.003057178919263165,
        "b": 0.001276436194386344
    },
    "data": {
        "A1": [
            0.1643265679888468,
            0.08504679177296741,
            0.0640038170148879
        ],
        "A2": [
            0.6400129390689232,
            0.27987286708521575,
            0.22550179864090086
        ],
        "A3": [
            0.07281480465204722,
            0.2440254596232639,
            0.33676800558110503
        ],
        "A4": [
            0.08218847849826262,
            0.15145936277282146,
            0.06472544709270525
        ],
        "A5": [
            0.2229064067945441,
            0.29297345709379596,
            0.45703904252544947
        ],
        "A6": [
            0.10025116936399482,
            0.5128711079518188,
            0.4070932245357203
        ],
        "B1": [
            0.71837889397471,
            0.1754002268109033,
            0.05798119900280708
        ],
        "B2": [
            0.024195084481022245,
            0.18972340784847025,
            0.3999178453419452
        ],
        "B3": [
            0.6234953512035014,
            0.10516809294697924,
            0.14812642945291435
        ],
        "B4": [
            0.12252436534886771,
            0.08781148097968883,
            0.18114052291239616
        ],
        "B5": [
            0.2941858159411881,
            0.41347721626558653,
            0.07300080876436597
        ],
        "B6": [
            0.7196804507854496,
            0.3060804634341504,
            0.063217859818064
        ],
        "C1": [
            0.0,
            0.11540191054444683,
            0.28668749095127743
        ],
        "C2": [
            0.042655352867246026,
            0.26452455368781436,
            0.0704793558124917
        ],
        "C3": [
            0.5907954049753879,
            0.050555936613387906,
            0.054245060707038474
        ],
        "C4": [
            0.8328302722121228,
            0.45719550752546334,
            0.057575895375355506
        ],
        "C5": [
            0.6610985370151187,
            0.15269761497181358,
            0.34858968943765717
        ],
        "C6": [
            0.0,
            0.2845254002267089,
            0.35257758562291197
        ],
        "D1": [
            0.8820825848444277,
            0.8815695159479654,
            0.8382945706993625
        ],
        "D2": [
            0.5420161433364794,
            0.6095685113531388,
            0.602761627531968
        ],
        "D3": [
            0.3185129855735897,
            0.4029944174083526,
            0.39850214681559176
        ],
        "D4": [
            0.15138618406228274,
            0.21634026582188415,
            0.21042165093145757
        ],
        "D5": [
            0.06336617380223614,
            0.10977551148483543,
            0.10562326602601589
        ],
        "D6": [
            0.020425971790057257,
            0.041827379778963024,
            0.03942367680447536
        ]
    }
}