{
    "description": "Kodak Ektar 100 专业彩色负片 - 日光型，ISO 100，超高饱和度",
    "film_type": "kodak_ektar_100",
    "color_space": "胶片敏感度响应空间",
    "processing": "ColorChecker光谱内积 + 密度矩阵变换 + RGB三通道增益调整",
    "white_reference": "white 9.5色块调整至[0.8913, 0.8913, 0.8913]",
    "gains": {
        "r": 0.0011351481259882306,
        "g": 0.003082622225290962,
        "b": 0.0013532975107315732
    },
    "data": {
        "A1": [
            0.14255657369249689,
            0.08937559607335328,
            0.06954831567797638
        ],
        "A2": [
            0.5423268792228414,
            0.29638627959116687,
            0.24435555261278127
        ],
        "A3": [
            0.128803173785044,
            0.2356377575756293,
            0.35063722938119507
        ],
        "A4": [
            0.09749971478311974,
            0.15533172443423665,
            0.07327712351278708
        ],
        "A5": [
            0.2566740820108844,
            0.2842189402244199,
            0.47458129915129665
        ],
        "A6": [
            0.21276193932024645,
            0.5101228704101719,
            0.4353658267519869
        ],
        "B1": [
            0.5653941428739565,
            0.20019274866831252,
            0.0714930128193626
        ],
        "B2": [
            0.08551462008928165,
            0.17460719157731716,
            0.4107723578378121
        ],
        "B3": [
            0.4866652523147583,
            0.1197979530679248,
            0.15756820316521086
        ],
        "B4": [
            0.12034931085342061,
            0.08449366970959528,
            0.1868072617055335
        ],
        "B5": [
            0.3102495734348119,
            0.4319166410380511,
            0.09655839558910047
        ],
        "B6": [
            0.5955657136941844,
            0.3348305053599089,
            0.08360585779285931
        ],
        "C1": [
            0.03693680200651885,
            0.10305637123275961,
            0.29322830581050446
        ],
        "C2": [
            0.09409057619548013,
            0.2704896747686211,
            0.08474513790628016
        ],
        "C3": [
            0.4446976987678718,
            0.06757014219517199,
            0.060452136449895486
        ],
        "C4": [
            0.7109544604126257,
            0.49463567827023813,
            0.08654540356025929
        ],
        "C5": [
            0.5375573672439126,
            0.159011668562695,
            0.36112445981550717
        ],
        "C6": [
            0.061777123602789925,
            0.27328286388798884,
            0.3679842645760814
        ],
        "D1": [
            0.8913000000000001,
            0.8913,
            0.8913000000000001
        ],
        "D2": [
            0.5683727608688542,
            0.6129154120200355,
            0.6390596609856279
        ],
        "D3": [
            0.34677633272735087,
            0.40396860813621266,
            0.42226668711468907
        ],
        "D4": [
            0.17166604822418863,
            0.21644650920876307,
            0.2230580830366829
        ],
        "D5": [
            0.0772426984264034,
            0.10947438063939935,
            0.11195451020181801
        ],
        "D6": [
            0.026671917314158817,
            0.04164218188329407,
            0.0418127760130436
        ]
    }
}