{
    "description": "胶片 kodak_vision3_500t 模拟的ColorChecker 24色块在ACEScg色彩空间的RGB值",
    "color_space": "ACEScg (AP1 primaries, D60 white point)",
    "conversion_path": "胶片光谱特性 → 密度变换 → ACEScg RGB",
    "film_type": "kodak_vision3_500t",
    "optimization_loss": 5.101566618489671,
    "data": {
        "A1": [
            0.12832504913099224,
            0.07480364393679269,
            0.04615799562960189
        ],
        "A2": [
            0.47176140995713534,
            0.2772442960450411,
            0.17144137816020147
        ],
        "A3": [
            0.1453121484605423,
            0.1817268849086263,
            0.2753103506597988
        ],
        "A4": [
            0.11477852774113616,
            0.14315384767347022,
            0.06437164009982345
        ],
        "A5": [
            0.25147731469373685,
            0.21987397628570293,
            0.3899988198989599
        ],
        "A6": [
            0.27031095779627756,
            0.47716964241963805,
            0.40771489922816434
        ],
        "B1": [
            0.4685946911369153,
            0.21417508805929222,
            0.0
        ],
        "B2": [
            0.09555341199937442,
            0.11151061030658545,
            0.25705759745702744
        ],
        "B3": [
            0.3357798862757687,
            0.09487360140376155,
            0.0757395784192581
        ],
        "B4": [
            0.10096592510361642,
            0.0492964371102588,
            0.14588535281600734
        ],
        "B5": [
            0.3667097415948958,
            0.48305439145113915,
            0.020879931042160158
        ],
        "B6": [
            0.5605433575735562,
            0.3811965018321981,
            0.0
        ],
        "C1": [
            0.043293468467064763,
            0.05622348633120931,
            0.14950690425836446
        ],
        "C2": [
            0.13229876571906868,
            0.2685841257477984,
            0.08852655041145863
        ],
        "C3": [
            0.2792989758063224,
            0.05472661846445244,
            0.0
        ],
        "C4": [
            0.7128212567156492,
            0.5931442566531344,
            0.0
        ],
        "C5": [
            0.3640100508780557,
            0.10675517385682941,
            0.27816262859903773
        ],
        "C6": [
            0.090080076559948,
            0.21096414610681818,
            0.2516068397381692
        ],
        "D1": [
            0.8919657324926563,
            0.8979532081578006,
            0.8487368202724183
        ],
        "D2": [
            0.5775116984617643,
            0.5853972211904854,
            0.60011616953384
        ],
        "D3": [
            0.3589098077282049,
            0.36681429076695654,
            0.3905038946050719
        ],
        "D4": [
            0.18128254319589482,
            0.1833935615956963,
            0.2010662135677028
        ],
        "D5": [
            0.08397701112054015,
            0.0856929022965382,
            0.0977685485756476
        ],
        "D6": [
            0.03162353108244905,
            0.031622887950415304,
            0.03244247823200058
        ]
    }
}