{
    "description": "胶片 kodak_gold_200 模拟的ColorChecker 24色块在ACEScg色彩空间的RGB值",
    "color_space": "ACEScg (AP1 primaries, D60 white point)",
    "conversion_path": "胶片光谱特性 → 密度变换 → ACEScg RGB",
    "film_type": "kodak_gold_200",
    "optimization_loss": 5.296589232027681,
    "data": {
        "A1": [
            0.12458774493471568,
            0.06879963456910239,
            0.04244868201822344
        ],
        "A2": [
            0.4688033633274265,
            0.2663190754508089,
            0.14895252233635398
        ],
        "A3": [
            0.1441991982822784,
            0.1846275503870672,
            0.2988115655513887
        ],
        "A4": [
            0.11182059467110836,
            0.13967643630605442,
            0.05836047766913346
        ],
        "A5": [
            0.25375133988108756,
            0.22652340998086995,
            0.4170008563068432
        ],
        "A6": [
            0.26819278921615436,
            0.48147836152148754,
            0.41566117852477585
        ],
        "B1": [
            0.4567851114974553,
            0.1904201079347063,
            0.0
        ],
        "B2": [
            0.09737607613857545,
            0.12079537568495698,
            0.2985629788877018
        ],
        "B3": [
            0.32857862665973225,
            0.08992363910605781,
            0.06388306569428413
        ],
        "B4": [
            0.10483937451589254,
            0.05448521122906087,
            0.1550604789471199
        ],
        "B5": [
            0.37089370270319055,
            0.4942939347344434,
            0.0
        ],
        "B6": [
            0.5629750284537219,
            0.3688447576503762,
            0.0
        ],
        "C1": [
            0.04492826711618235,
            0.06347090474277504,
            0.1835365084875551
        ],
        "C2": [
            0.13068900696904465,
            0.2723160777945231,
            0.07366941887842332
        ],
        "C3": [
            0.2819795388488834,
            0.05013317531233041,
            0.0
        ],
        "C4": [
            0.7389250097913643,
            0.6033714152217541,
            0.0
        ],
        "C5": [
            0.3746885781340315,
            0.11266761223590466,
            0.2887123502844869
        ],
        "C6": [
            0.09161918214617785,
            0.2172005341032301,
            0.2846497532947822
        ],
        "D1": [
            0.8957941964337816,
            0.8999342552709062,
            0.8238838297364207
        ],
        "D2": [
            0.5747391779614609,
            0.5838707715025148,
            0.5915377789799551
        ],
        "D3": [
            0.3534653395455669,
            0.36306280781854555,
            0.3895202727640062
        ],
        "D4": [
            0.17558821784402032,
            0.17886474838441987,
            0.20397315661633994
        ],
        "D5": [
            0.08005113769535242,
            0.0824338860517411,
            0.1012999503318632
        ],
        "D6": [
            0.031623472583755335,
            0.03162287931698733,
            0.0323789226361267
        ]
    }
}