{
    "description": "ColorChecker 24色块在ACEScg色彩空间的RGB值",
    "color_space": "ACEScg (AP1 primaries, D60 white point)",
    "conversion_path": "Lab(D50) → XYZ(D50) → XYZ(D60) [Bradford] → ACEScg RGB",
    "film_profile": "kodak_vision3_500t_uc",
    "paper_profile": "kodak_2383_uc",
    "export_timestamp": "2025-09-08T22:18:38.239776",
    "processing_time_seconds": 0.0,
    "data": {
        "A1": [
            0.122989272956274,
            0.055734073996024,
            0.018633846679468
        ],
        "A2": [
            0.472695431214162,
            0.33807074727586,
            0.245393612515145
        ],
        "A3": [
            0.132875145088935,
            0.183939118677764,
            0.308350998532038
        ],
        "A4": [
            0.098782966168536,
            0.112856234720907,
            0.030879127629442
        ],
        "A5": [
            0.293874550266715,
            0.262176522785417,
            0.408470475109332
        ],
        "A6": [
            0.300330124657855,
            0.443814937799606,
            0.454076454367578
        ],
        "B1": [
            0.441863337209141,
            0.22659196096056,
            0.028112163819827
        ],
        "B2": [
            0.063895741410625,
            0.08835786504639,
            0.296693218887247
        ],
        "B3": [
            0.323564960615879,
            0.103129258471649,
            0.083418340005184
        ],
        "B4": [
            0.068969423308361,
            0.028136100810938,
            0.090317957338816
        ],
        "B5": [
            0.431302149463204,
            0.411151132911742,
            0.077245819236125
        ],
        "B6": [
            0.518216722031258,
            0.356378196937367,
            0.04230797183501
        ],
        "C1": [
            0.021883245961124,
            0.024398321975522,
            0.179148292346487
        ],
        "C2": [
            0.118925657973452,
            0.213140589957733,
            0.063859920871667
        ],
        "C3": [
            0.254227464302886,
            0.047243720695979,
            0.010524993212368
        ],
        "C4": [
            0.581780398783715,
            0.453630342433605,
            0.0522706856772
        ],
        "C5": [
            0.342897706756865,
            0.120198658388892,
            0.253727414209584
        ],
        "C6": [
            0.064595654287325,
            0.185268213646879,
            0.33485248109688
        ],
        "D1": [
            0.654356817204469,
            0.68095323425028,
            0.713849117686191
        ],
        "D2": [
            0.557097423038076,
            0.563823462339648,
            0.577114876478535
        ],
        "D3": [
            0.420928839873624,
            0.41420564751301,
            0.413760943923525
        ],
        "D4": [
            0.199543606693,
            0.199518221307071,
            0.199528177880789
        ],
        "D5": [
            0.055164565352648,
            0.058035812649011,
            0.056558944234285
        ],
        "D6": [
            0.010365661530489,
            0.006691157919993,
            0.003995501982873
        ]
    }
}