{
    "description": "Kodak Ultramax 400 彩色负片 - 日光型，ISO 400，通用型",
    "film_type": "kodak_ultramax_400",
    "color_space": "ACEScg (从Kodak Endura Premier转换)",
    "processing": "ColorChecker光谱内积 + 密度矩阵变换 + RGB三通道增益调整 + 色彩空间转换",
    "white_reference": "white 9.5色块调整至[0.8791659, 0.8839434, 0.8406781]",
    "gains": {
        "r": 0.0002450627771526926,
        "g": 0.0005912479270791007,
        "b": 0.00033710848184379915
    },
    "data": {
        "A1": [
            0.16682632740565623,
            0.08605549243368686,
            0.0645395119590849
        ],
        "A2": [
            0.6486581091084126,
            0.27970997695883354,
            0.22744465799189495
        ],
        "A3": [
            0.07910086586428372,
            0.22862307571508747,
            0.3376924751479529
        ],
        "A4": [
            0.08032750756872128,
            0.15860483488163235,
            0.06519766737714801
        ],
        "A5": [
            0.23630833901743198,
            0.2705655602595439,
            0.45924582641798267
        ],
        "A6": [
            0.10193843716784816,
            0.5106895785115302,
            0.40945568038265573
        ],
        "B1": [
            0.7107832897775431,
            0.19033945307769473,
            0.057975770426778414
        ],
        "B2": [
            0.03508882158991627,
            0.1629114116793224,
            0.3988844726122072
        ],
        "B3": [
            0.6291447275975857,
            0.09992822757449729,
            0.14961403197907974
        ],
        "B4": [
            0.13516403914063563,
            0.07390844251879983,
            0.18468298778367037
        ],
        "B5": [
            0.2836329551683568,
            0.44380277552892056,
            0.07408504143119965
        ],
        "B6": [
            0.7062378512908777,
            0.33615731611068284,
            0.06289716182436846
        ],
        "C1": [
            0.0,
            0.09368131177373594,
            0.28510742858321786
        ],
        "C2": [
            0.039255919424548355,
            0.2766273157680727,
            0.0721336063469984
        ],
        "C3": [
            0.6147194250221533,
            0.049670234611282046,
            0.05461593355420287
        ],
        "C4": [
            0.8205373874252658,
            0.4991464712713975,
            0.057490870424876675
        ],
        "C5": [
            0.6906473291411583,
            0.12972655742813227,
            0.35225043154302255
        ],
        "C6": [
            0.0,
            0.26486310045890016,
            0.35314383672342325
        ],
        "D1": [
            0.8820825848444275,
            0.8815695159479654,
            0.8382945706993628
        ],
        "D2": [
            0.5421634234623837,
            0.6053931794588275,
            0.6044612340004478
        ],
        "D3": [
            0.31852998610356204,
            0.39865784968584267,
            0.40019818597315926
        ],
        "D4": [
            0.1512267488210704,
            0.21330703260288128,
            0.21151900247494929
        ],
        "D5": [
            0.06351726231524737,
            0.10767755382389932,
            0.10627450322378226
        ],
        "D6": [
            0.020685916301495005,
            0.040775906518256785,
            0.039749699477400466
        ]
    }
}