{
    "description": "ColorChecker 24色块在ACEScg色彩空间的RGB值",
    "type": "EnduraDensityExp",
    "color_space": "ACEScg (AP1 primaries, D60 white point)",
    "conversion_path": "Lab(D50) → XYZ(D50) → XYZ(D60) [Bradford] → ACEScg RGB",
    "white_point": "D50",
    "film_profile": "kodak_portra_160_auc",
    "paper_profile": "kodak_endura_premier_uc",
    "export_timestamp": "2025-09-08T17:20:30.058629",
    "processing_time_seconds": 0.0,
    "data": {
        "A1": [
            0.094301469169159,
            0.033152268706196,
            0.013382689362434
        ],
        "A2": [
            0.566490864687171,
            0.365287175876369,
            0.247279641628435
        ],
        "A3": [
            0.122972329049516,
            0.209338121001959,
            0.411417666806195
        ],
        "A4": [
            0.079602187358545,
            0.089882535406412,
            0.02161872992627
        ],
        "A5": [
            0.29722977379521,
            0.308146791222871,
            0.552148815664103
        ],
        "A6": [
            0.357754911829444,
            0.580945381105152,
            0.594148706721567
        ],
        "B1": [
            0.508241503230063,
            0.182003221382053,
            0.022516651255275
        ],
        "B2": [
            0.046307227159127,
            0.095893773873103,
            0.433345789357974
        ],
        "B3": [
            0.363196419741712,
            0.069375527095758,
            0.065228233183538
        ],
        "B4": [
            0.038457365646428,
            0.02097449305108,
            0.085337416730432
        ],
        "B5": [
            0.534051440291031,
            0.476693250657324,
            0.052285503697074
        ],
        "B6": [
            0.648077461110217,
            0.387136392851632,
            0.035486585523854
        ],
        "C1": [
            0.015564698215454,
            0.027143073677965,
            0.275895943480484
        ],
        "C2": [
            0.122098769938668,
            0.230737231742235,
            0.040677573024109
        ],
        "C3": [
            0.294018738148065,
            0.036000935032039,
            0.01031544048264
        ],
        "C4": [
            0.739526513632721,
            0.521717666402084,
            0.040596607590628
        ],
        "C5": [
            0.385167940245694,
            0.099715793583931,
            0.313452062572996
        ],
        "C6": [
            0.04792889723713,
            0.228908521809131,
            0.471029070790376
        ],
        "D1": [
            0.824793915549483,
            0.834367704689886,
            0.83779688681513
        ],
        "D2": [
            0.715869613292562,
            0.729259433646792,
            0.740008880789516
        ],
        "D3": [
            0.513037917676529,
            0.526873583796682,
            0.536525859155419
        ],
        "D4": [
            0.199525701104692,
            0.199526063476344,
            0.199526081424039
        ],
        "D5": [
            0.036433055978272,
            0.039431767123778,
            0.041468821370434
        ],
        "D6": [
            0.004331826895293,
            0.005841398265511,
            0.005449547868227
        ]
    }
}