{
    "description": "Kodak Portra 160 专业彩色负片 - 日光型，ISO 160，人像专用",
    "film_type": "kodak_portra_160",
    "color_space": "ACEScg (从Kodak Endura Premier转换)",
    "processing": "ColorChecker光谱内积 + 密度矩阵变换 + RGB三通道增益调整 + 色彩空间转换",
    "white_reference": "white 9.5色块调整至[0.8791659, 0.8839434, 0.8406781]",
    "gains": {
        "r": 0.0014307462015645072,
        "g": 0.00316078774597812,
        "b": 0.0016815412241918603
    },
    "data": {
        "A1": [
            0.14197921133494346,
            0.08535695377207739,
            0.0645033804664731
        ],
        "A2": [
            0.5644305678012033,
            0.2814656126332577,
            0.22830936194424012
        ],
        "A3": [
            0.07281628266526566,
            0.24932338706860502,
            0.33648539302812325
        ],
        "A4": [
            0.08572524145925721,
            0.14794051857535986,
            0.0657817554165833
        ],
        "A5": [
            0.18832594676093647,
            0.3027251228394743,
            0.45516757453174284
        ],
        "A6": [
            0.13346340721701988,
            0.507836153547585,
            0.4115391200195444
        ],
        "B1": [
            0.6781309199204272,
            0.1737660313603612,
            0.05912689834700124
        ],
        "B2": [
            0.016922446678098103,
            0.20115342860249819,
            0.3973991776157979
        ],
        "B3": [
            0.5517377319937382,
            0.10979232285706228,
            0.1485148162403262
        ],
        "B4": [
            0.0775709571167499,
            0.09358939548004791,
            0.18008892041004473
        ],
        "B5": [
            0.31807580123675533,
            0.3986671198992636,
            0.07626506202610307
        ],
        "B6": [
            0.7019310158918156,
            0.29957770006305584,
            0.06485601463882938
        ],
        "C1": [
            0.0,
            0.12502488776475928,
            0.2845530566579788
        ],
        "C2": [
            0.06329433644409484,
            0.2548702146874287,
            0.07332550253032542
        ],
        "C3": [
            0.46054026917471785,
            0.05469479433611347,
            0.05504774839042346
        ],
        "C4": [
            0.8098000090507019,
            0.44286497846527456,
            0.06042467534070593
        ],
        "C5": [
            0.5038455721506581,
            0.1670536500948639,
            0.34609798602330194
        ],
        "C6": [
            0.0,
            0.2878428845394778,
            0.3551318536335843
        ],
        "D1": [
            0.8820825848444277,
            0.8815695159479654,
            0.8382945706993628
        ],
        "D2": [
            0.5469397132539218,
            0.6107112127820746,
            0.6030607967652019
        ],
        "D3": [
            0.3243727827257196,
            0.40387778356963916,
            0.399229710279929
        ],
        "D4": [
            0.15559859365775996,
            0.21677464226105944,
            0.21109701759964164
        ],
        "D5": [
            0.06546833348464683,
            0.10998011885171616,
            0.10605796468987783
        ],
        "D6": [
            0.020589757241703917,
            0.04192892093220148,
            0.03964319176303161
        ]
    }
}