{
    "description": "Kodak Vision3 500T 电影胶片 - 钨丝灯型，ISO 500，电影级",
    "film_type": "kodak_vision3_500t",
    "color_space": "胶片敏感度响应空间",
    "processing": "ColorChecker光谱内积 + 密度矩阵变换 + RGB三通道增益调整",
    "white_reference": "white 9.5色块调整至[0.8791659, 0.8839434, 0.8406781]",
    "gains": {
        "r": 0.0003139961312935739,
        "g": 0.00043314558102262624,
        "b": 0.00010652768325138958
    },
    "data": {
        "A1": [
            0.13870601722238904,
            0.09077736781565059,
            0.07167586264189116
        ],
        "A2": [
            0.5323772046539074,
            0.2976519653739308,
            0.2438721768159729
        ],
        "A3": [
            0.12802054624996934,
            0.21671124246490878,
            0.33792776726535995
        ],
        "A4": [
            0.09651126996331177,
            0.1607638195631347,
            0.07564905965464276
        ],
        "A5": [
            0.2527154305242086,
            0.2573955288242094,
            0.45646986728694056
        ],
        "A6": [
            0.21466156742836817,
            0.5022195652981636,
            0.42451675163669067
        ],
        "B1": [
            0.5533433495836295,
            0.2199072174440775,
            0.07327878452760661
        ],
        "B2": [
            0.08609034407915171,
            0.14428077701386396,
            0.38790964131116334
        ],
        "B3": [
            0.47465758595585666,
            0.11517505194502026,
            0.16088872502243767
        ],
        "B4": [
            0.11876611863564389,
            0.06791278391970695,
            0.19361318120147344
        ],
        "B5": [
            0.30812858724310205,
            0.4597254583579448,
            0.10466974232793513
        ],
        "B6": [
            0.5845520157959426,
            0.36594894373744696,
            0.08703626808672711
        ],
        "C1": [
            0.037092966768292185,
            0.07913558005432798,
            0.27299028032404066
        ],
        "C2": [
            0.09522885839244803,
            0.28044619087546363,
            0.0916884387881252
        ],
        "C3": [
            0.4312570712411693,
            0.06788726333725524,
            0.062289075431157234
        ],
        "C4": [
            0.698354824729743,
            0.5368914499010267,
            0.09400070683504382
        ],
        "C5": [
            0.521052780891277,
            0.13422570834641767,
            0.3541715932637734
        ],
        "C6": [
            0.0642801272137719,
            0.25021712972898547,
            0.350857717947083
        ],
        "D1": [
            0.8791659,
            0.8839434,
            0.8406781
        ],
        "D2": [
            0.5607579938351113,
            0.6029948311747715,
            0.6112242955027516
        ],
        "D3": [
            0.34222638029499564,
            0.39572321876021915,
            0.4102651772092498
        ],
        "D4": [
            0.1694024118803454,
            0.2113927490695154,
            0.2210252550200492
        ],
        "D5": [
            0.07625997947022115,
            0.10633923039508843,
            0.11311583493379791
        ],
        "D6": [
            0.02631908332955184,
            0.040194070761801745,
            0.043212387980939085
        ]
    }
}