{
    "description": "Kodak Ektar 100 专业彩色负片 - 日光型，ISO 100，超高饱和度",
    "film_type": "kodak_ektar_100",
    "color_space": "胶片敏感度响应空间",
    "processing": "ColorChecker光谱内积 + 密度矩阵变换 + RGB三通道增益调整",
    "white_reference": "white 9.5色块调整至[0.8791659, 0.8839434, 0.8406781]",
    "gains": {
        "r": 0.0011196942935237921,
        "g": 0.003057178919263165,
        "b": 0.001276436194386344
    },
    "data": {
        "A1": [
            0.1406158178068892,
            0.08863790897577309,
            0.06559827878644832
        ],
        "A2": [
            0.5349436765018968,
            0.2939399704871162,
            0.23047723740038478
        ],
        "A3": [
            0.1270496557877085,
            0.23369285380879337,
            0.3307225847475005
        ],
        "A4": [
            0.09617236003258696,
            0.15404964952795044,
            0.06911530681947177
        ],
        "A5": [
            0.25317973781866143,
            0.28187305774303884,
            0.4476271792505819
        ],
        "A6": [
            0.20986541217124405,
            0.5059124250960699,
            0.4106389723311898
        ],
        "B1": [
            0.557696903931909,
            0.1985404004411687,
            0.06743252572675569
        ],
        "B2": [
            0.08435042963530952,
            0.17316602107854268,
            0.38744230373568034
        ],
        "B3": [
            0.48003982334795414,
            0.1188091663277256,
            0.1486190257571451
        ],
        "B4": [
            0.11871088319401692,
            0.08379627699043718,
            0.1761974350239098
        ],
        "B5": [
            0.3060258560007096,
            0.42835169325227695,
            0.09107430555693184
        ],
        "B6": [
            0.5874577209571299,
            0.33206688582021326,
            0.0788574146507025
        ],
        "C1": [
            0.036433946795896927,
            0.10220576593643867,
            0.2765742342589407
        ],
        "C2": [
            0.09280963323506995,
            0.2682571107145396,
            0.07993198868987947
        ],
        "C3": [
            0.4386436133346627,
            0.06701243266070211,
            0.05701872232877693
        ],
        "C4": [
            0.7012755728123867,
            0.4905530609351514,
            0.08163000721280378
        ],
        "C5": [
            0.53023909634761,
            0.15769922018285837,
            0.3406141868520441
        ],
        "C6": [
            0.060936093875976705,
            0.2710272454469718,
            0.3470843850260489
        ],
        "D1": [
            0.8791659,
            0.8839434,
            0.8406780999999999
        ],
        "D2": [
            0.5606349712159217,
            0.6078565390030186,
            0.6027638972108625
        ],
        "D3": [
            0.3420553423773598,
            0.4006343374500073,
            0.398283805920421
        ],
        "D4": [
            0.16932899785309344,
            0.2146600059106085,
            0.21038936995054502
        ],
        "D5": [
            0.07619112137381075,
            0.10857080246301457,
            0.10559598891831591
        ],
        "D6": [
            0.026308807573463495,
            0.04129847620031119,
            0.039437995169270795
        ]
    }
}