{
    "description": "胶片 kodak_vision3_200t 模拟的ColorChecker 24色块在ACEScg色彩空间的RGB值",
    "color_space": "ACEScg (AP1 primaries, D60 white point)",
    "conversion_path": "胶片光谱特性 → 密度变换 → ACEScg RGB",
    "film_type": "kodak_vision3_200t",
    "optimization_loss": 4.966448033265586,
    "data": {
        "A1": [
            0.12778811884093672,
            0.0752934188896883,
            0.04728615343028192
        ],
        "A2": [
            0.4687509840497086,
            0.2790490334532252,
            0.17359070043691502
        ],
        "A3": [
            0.14431281962027134,
            0.18058373328578015,
            0.2730720850570276
        ],
        "A4": [
            0.11430903621568328,
            0.14330402760359667,
            0.065170023353746
        ],
        "A5": [
            0.24916212719103525,
            0.2194032784486771,
            0.3857124426556681
        ],
        "A6": [
            0.2682623769704218,
            0.476179579083833,
            0.4031845358075903
        ],
        "B1": [
            0.4656348791046746,
            0.2139553930461208,
            0.0
        ],
        "B2": [
            0.0916002966736618,
            0.10773669600169634,
            0.2516163706339814
        ],
        "B3": [
            0.3371508850009259,
            0.0960750017863513,
            0.07429031049038423
        ],
        "B4": [
            0.09582144289436324,
            0.04895749189306423,
            0.1384441404150064
        ],
        "B5": [
            0.36359385562747876,
            0.47951123539376656,
            0.018963356590487153
        ],
        "B6": [
            0.5587151208731274,
            0.3811718414020402,
            0.0
        ],
        "C1": [
            0.04199427655007654,
            0.05259096224739232,
            0.14714684355555016
        ],
        "C2": [
            0.12982275525722897,
            0.2655031619833138,
            0.08553502646851675
        ],
        "C3": [
            0.27746945288284314,
            0.05589347901328054,
            0.0
        ],
        "C4": [
            0.7095036406129897,
            0.5898414564278905,
            0.0
        ],
        "C5": [
            0.358259731631875,
            0.10632751367735448,
            0.273918801092235
        ],
        "C6": [
            0.08737033848974834,
            0.20623311881510648,
            0.24697577757637032
        ],
        "D1": [
            0.9012509028724347,
            0.907179519816709,
            0.8568464030179316
        ],
        "D2": [
            0.5834855857868915,
            0.5907245971953196,
            0.6009188659444697
        ],
        "D3": [
            0.3623111987911213,
            0.36954903463356137,
            0.38945769252045676
        ],
        "D4": [
            0.18271884343435316,
            0.18432213269262485,
            0.20044957912910455
        ],
        "D5": [
            0.08439310157709388,
            0.08587147714981776,
            0.09757202858026309
        ],
        "D6": [
            0.03162356339466121,
            0.031622892719156935,
            0.032477583663723754
        ]
    }
}