{
    "description": "Kodak Vision3 250D 电影胶片 - 日光型，ISO 250，电影级",
    "film_type": "kodak_vision3_250d",
    "color_space": "ACEScg (从Kodak Endura Premier转换)",
    "processing": "ColorChecker光谱内积 + 密度矩阵变换 + RGB三通道增益调整 + 色彩空间转换",
    "white_reference": "white 9.5色块调整至[0.8791659, 0.8839434, 0.8406781]",
    "gains": {
        "r": 0.00047102519676633323,
        "g": 0.001070282304241332,
        "b": 0.0005704437431932553
    },
    "data": {
        "A1": [
            0.16633795816136146,
            0.08713521948161812,
            0.06732567806415204
        ],
        "A2": [
            0.6532583773838082,
            0.282408367109388,
            0.23220546682238055
        ],
        "A3": [
            0.0812375526883306,
            0.22718216946685396,
            0.34230763179336643
        ],
        "A4": [
            0.07792584486955938,
            0.15947775884246818,
            0.0677937181537872
        ],
        "A5": [
            0.24175473651794543,
            0.2680718467348979,
            0.462996054180925
        ],
        "A6": [
            0.09753844174286994,
            0.5113159335113975,
            0.4140522169337978
        ],
        "B1": [
            0.712985348579781,
            0.19467036799470144,
            0.0601807091040512
        ],
        "B2": [
            0.04024563476867349,
            0.1598016430379256,
            0.4048298334460216
        ],
        "B3": [
            0.6409499406516289,
            0.10108104022158755,
            0.15492053122831018
        ],
        "B4": [
            0.13880203174078548,
            0.07289752880444737,
            0.1900229867392763
        ],
        "B5": [
            0.27292129608538057,
            0.4480653368253899,
            0.07690963976761578
        ],
        "B6": [
            0.7034483244526542,
            0.33975266433378704,
            0.06581425447272225
        ],
        "C1": [
            0.0015063398675997217,
            0.0909910867424,
            0.28894314573913843
        ],
        "C2": [
            0.033049483922749416,
            0.2794231620745738,
            0.0745514795804014
        ],
        "C3": [
            0.6212306457687414,
            0.05050508753622847,
            0.05720825967741299
        ],
        "C4": [
            0.8108360878494273,
            0.5053644368778673,
            0.0606177113276321
        ],
        "C5": [
            0.7020461121414995,
            0.12802009158504735,
            0.3556337806018194
        ],
        "C6": [
            0.0,
            0.26364045296011196,
            0.35743181346918995
        ],
        "D1": [
            0.8820825848444277,
            0.8815695159479655,
            0.8382945706993628
        ],
        "D2": [
            0.5431327595689852,
            0.6051811577796425,
            0.6066910626847332
        ],
        "D3": [
            0.31918280050432096,
            0.3988514778525229,
            0.40476394250889186
        ],
        "D4": [
            0.1514982607258553,
            0.2137957970750597,
            0.2164328944749927
        ],
        "D5": [
            0.06358232688842756,
            0.10810702399071104,
            0.11006326336420669
        ],
        "D6": [
            0.020694106777288866,
            0.04101394099895175,
            0.041692254749125836
        ]
    }
}