{
    "description": "Kodak Portra 800 专业彩色负片 - 日光型，ISO 800，人像专用",
    "film_type": "kodak_portra_800",
    "color_space": "胶片敏感度响应空间",
    "processing": "ColorChecker光谱内积 + 密度矩阵变换 + RGB三通道增益调整",
    "white_reference": "white 9.5色块调整至[0.8913, 0.8913, 0.8913]",
    "gains": {
        "r": 0.00013834526810627525,
        "g": 0.00042046241447505115,
        "b": 0.00035982449206450895
    },
    "data": {
        "A1": [
            0.1449575176823066,
            0.09045990871507274,
            0.07068164016958199
        ],
        "A2": [
            0.5510117502688767,
            0.2986120162220983,
            0.248876872241638
        ],
        "A3": [
            0.1295841144373828,
            0.22248358416233505,
            0.35124143974522026
        ],
        "A4": [
            0.09728155062065999,
            0.1601410186701038,
            0.0748600250824006
        ],
        "A5": [
            0.2616644219381616,
            0.2652633370467995,
            0.4765211825341153
        ],
        "A6": [
            0.211090738243429,
            0.5077890776139178,
            0.4409874122833279
        ],
        "B1": [
            0.5675528408584137,
            0.21479934655806865,
            0.07291872745766446
        ],
        "B2": [
            0.08710569614559,
            0.15214977444424643,
            0.4065622779030277
        ],
        "B3": [
            0.493324778555858,
            0.11617698696819119,
            0.15991116060086003
        ],
        "B4": [
            0.12631204529668744,
            0.07189751909167413,
            0.19152789818423718
        ],
        "B5": [
            0.3078950941486974,
            0.45449951635913227,
            0.1011259681448394
        ],
        "B6": [
            0.5952523166990722,
            0.3592580565050611,
            0.08575211837477587
        ],
        "C1": [
            0.037384329487063994,
            0.08517148030138402,
            0.28833233950383724
        ],
        "C2": [
            0.09278175209692618,
            0.27923446480493336,
            0.08885094998733545
        ],
        "C3": [
            0.46139532207268896,
            0.06777194562140902,
            0.061343707258670575
        ],
        "C4": [
            0.7122834329205281,
            0.5273533144497075,
            0.08989685921794634
        ],
        "C5": [
            0.555800461312999,
            0.14037546944418702,
            0.3650742022060343
        ],
        "C6": [
            0.06227321064203002,
            0.2579024759005669,
            0.3686814177777683
        ],
        "D1": [
            0.8913,
            0.8913,
            0.8913
        ],
        "D2": [
            0.5676988448386151,
            0.608905346421648,
            0.6420759302154803
        ],
        "D3": [
            0.3459712441918046,
            0.3997189998731854,
            0.4253401746559066
        ],
        "D4": [
            0.1710356426169926,
            0.21341524796363262,
            0.2249842131204729
        ],
        "D5": [
            0.07694731416997382,
            0.10736351280694766,
            0.11299476358802087
        ],
        "D6": [
            0.026649966620853845,
            0.04058979103019572,
            0.04231143683108344
        ]
    }
}