{
    "description": "Kodak Gold 200 彩色负片 - 日光型，ISO 200，经典色彩",
    "film_type": "kodak_gold_200",
    "color_space": "胶片敏感度响应空间",
    "processing": "ColorChecker光谱内积 + 密度矩阵变换 + RGB三通道增益调整",
    "white_reference": "white 9.5色块调整至[0.8791659, 0.8839434, 0.8406781]",
    "gains": {
        "r": 0.0008845508552279596,
        "g": 0.0015639079251195125,
        "b": 0.0009947386017666222
    },
    "data": {
        "A1": [
            0.14116261913819403,
            0.0874980443227408,
            0.06484001149233597
        ],
        "A2": [
            0.534625032167321,
            0.29122816234515103,
            0.23366917461003997
        ],
        "A3": [
            0.13314439414884055,
            0.23145959257282311,
            0.3274317391188489
        ],
        "A4": [
            0.09631142123073332,
            0.15713469837703398,
            0.069282296578927
        ],
        "A5": [
            0.2636508126056871,
            0.2780917250417695,
            0.440290023330065
        ],
        "A6": [
            0.21740410532406093,
            0.509017848814633,
            0.4163989797494383
        ],
        "B1": [
            0.5401346218535621,
            0.1939304220432066,
            0.06788739745631354
        ],
        "B2": [
            0.09301492409934195,
            0.1684219736971379,
            0.3822032873856827
        ],
        "B3": [
            0.47520745473541465,
            0.11618468296300087,
            0.14481420881108986
        ],
        "B4": [
            0.12856921762170168,
            0.08087573231437255,
            0.16769688873826805
        ],
        "B5": [
            0.30188135611274924,
            0.43809095683994664,
            0.09286398500225244
        ],
        "B6": [
            0.5700995982917605,
            0.33600412358380644,
            0.07922966700478713
        ],
        "C1": [
            0.041640591178398266,
            0.09821985428914198,
            0.2731694370550522
        ],
        "C2": [
            0.09451795512984042,
            0.27387283542519164,
            0.08206356310571522
        ],
        "C3": [
            0.4502131047320707,
            0.06607122774631931,
            0.05655019761625987
        ],
        "C4": [
            0.68739926952559,
            0.4989230831230026,
            0.0819816342561691
        ],
        "C5": [
            0.547213466484405,
            0.15199070908214074,
            0.3290653268940193
        ],
        "C6": [
            0.06990416142911508,
            0.2693260454649541,
            0.3528222537638422
        ],
        "D1": [
            0.8791659,
            0.8839434,
            0.8406781
        ],
        "D2": [
            0.5615086598086964,
            0.6068220247937084,
            0.5992290476809605
        ],
        "D3": [
            0.34284023270573716,
            0.3994619714468872,
            0.3946926277637929
        ],
        "D4": [
            0.16956914750411872,
            0.21364136636027095,
            0.20785510140966482
        ],
        "D5": [
            0.07651374500499787,
            0.10788982133429018,
            0.10403106318486183
        ],
        "D6": [
            0.026557568484586506,
            0.040954307559141305,
            0.03874935927045981
        ]
    }
}