{
    "description": "胶片 kodak_vision3_250d 模拟的ColorChecker 24色块在ACEScg色彩空间的RGB值",
    "color_space": "ACEScg (AP1 primaries, D60 white point)",
    "conversion_path": "胶片光谱特性 → 密度变换 → ACEScg RGB",
    "film_type": "kodak_vision3_250d",
    "optimization_loss": 5.071123804129723,
    "data": {
        "A1": [
            0.1275235067100424,
            0.07256921681371398,
            0.042596770520743114
        ],
        "A2": [
            0.4780763134997645,
            0.27309252246952587,
            0.14869428131157422
        ],
        "A3": [
            0.14392159365415258,
            0.18270638900431496,
            0.2922929467917403
        ],
        "A4": [
            0.11307928308983509,
            0.14064777846440682,
            0.060288272391267154
        ],
        "A5": [
            0.2531897022015589,
            0.2212742835788912,
            0.4104804436611898
        ],
        "A6": [
            0.2665097317566002,
            0.4823913701054972,
            0.4149620277551952
        ],
        "B1": [
            0.4719234514048611,
            0.20360616117451333,
            0.0
        ],
        "B2": [
            0.09464144537160782,
            0.1116260150425326,
            0.2829189760606368
        ],
        "B3": [
            0.33363317224065825,
            0.09278606759200064,
            0.06611056857778307
        ],
        "B4": [
            0.10152815162312187,
            0.04973644641482883,
            0.15300777610746022
        ],
        "B5": [
            0.3694417679497739,
            0.47396585067410707,
            0.0
        ],
        "B6": [
            0.571046038702717,
            0.3672558494079846,
            0.0
        ],
        "C1": [
            0.04266771968361405,
            0.055459137566092234,
            0.16842451601677616
        ],
        "C2": [
            0.1283798999707937,
            0.2656619132343037,
            0.0785189486474741
        ],
        "C3": [
            0.28230988588565054,
            0.0524061823969542,
            0.0
        ],
        "C4": [
            0.7372559030766956,
            0.5749585089390667,
            0.0
        ],
        "C5": [
            0.365971617927949,
            0.10593684647506996,
            0.28484882595676303
        ],
        "C6": [
            0.08850009099431896,
            0.21289829014935957,
            0.27105139663649463
        ],
        "D1": [
            0.9064560106578308,
            0.909515852517135,
            0.8422882873663458
        ],
        "D2": [
            0.5820381425788329,
            0.5910562996575977,
            0.601570873180498
        ],
        "D3": [
            0.3585357600243027,
            0.3686599795170131,
            0.3941834103933225
        ],
        "D4": [
            0.17878906812496137,
            0.18284070104382133,
            0.20473425656657063
        ],
        "D5": [
            0.08175279549439256,
            0.08474197063050833,
            0.10067565685145133
        ],
        "D6": [
            0.031623516736504785,
            0.031622885833194066,
            0.03242689215685733
        ]
    }
}