{
    "description": "Kodak Vision3 500T 电影胶片 - 钨丝灯型，ISO 500，电影级",
    "film_type": "kodak_vision3_500t",
    "color_space": "胶片敏感度响应空间",
    "processing": "ColorChecker光谱内积 + 密度矩阵变换 + RGB三通道增益调整",
    "white_reference": "white 9.5色块调整至[0.8913, 0.8913, 0.8913]",
    "gains": {
        "r": 0.00031832985312779097,
        "g": 0.00043675042583661615,
        "b": 0.00011294230702805691
    },
    "data": {
        "A1": [
            0.1406204143612886,
            0.09153286051356825,
            0.07599186463013322
        ],
        "A2": [
            0.5397249853617243,
            0.3001291674758635,
            0.25855707576547654
        ],
        "A3": [
            0.12978746431429786,
            0.21851481713531995,
            0.35827627597723233
        ],
        "A4": [
            0.09784330229175142,
            0.16210177300562661,
            0.08020430991384586
        ],
        "A5": [
            0.25620336642518426,
            0.2595376975958162,
            0.4839564545726243
        ],
        "A6": [
            0.21762429030619176,
            0.5063992768657508,
            0.4500792642674793
        ],
        "B1": [
            0.5609805015002157,
            0.22173739054775007,
            0.0776913073499307
        ],
        "B2": [
            0.08727854853986926,
            0.14548155068803803,
            0.4112678364056824
        ],
        "B3": [
            0.4812087301867084,
            0.11613359384616304,
            0.1705767292052674
        ],
        "B4": [
            0.12040530864532996,
            0.06847798660823164,
            0.20527170673873066
        ],
        "B5": [
            0.31238132622042847,
            0.46355151363134256,
            0.1109724891571322
        ],
        "B6": [
            0.5926199044786918,
            0.36899454597792775,
            0.0922772054436768
        ],
        "C1": [
            0.03760491766181877,
            0.07979418422313299,
            0.2894285420933621
        ],
        "C2": [
            0.0965431910919075,
            0.28278019828792256,
            0.09720950919484649
        ],
        "C3": [
            0.4372092088617789,
            0.06845225363127948,
            0.06603984679961385
        ],
        "C4": [
            0.7079934006558026,
            0.5413597174850607,
            0.09966101175000819
        ],
        "C5": [
            0.5282442638054943,
            0.13534279892712794,
            0.37549823300500024
        ],
        "C6": [
            0.06516731072671816,
            0.25229955642798424,
            0.37198481084048146
        ],
        "D1": [
            0.8913,
            0.8913,
            0.8913
        ],
        "D2": [
            0.5684974814255582,
            0.6080132427325926,
            0.6480295068726091
        ],
        "D3": [
            0.34694973128158096,
            0.39901661676639355,
            0.43496952334859723
        ],
        "D4": [
            0.17174047549950666,
            0.21315206069264014,
            0.23433441384921275
        ],
        "D5": [
            0.07731250689068815,
            0.1072242363607695,
            0.11992716793323638
        ],
        "D6": [
            0.02668233489450573,
            0.04052858505419446,
            0.04581444598998238
        ]
    }
}