{
    "description": "Kodak Portra 160 专业彩色负片 - 日光型，ISO 160，人像专用",
    "film_type": "kodak_portra_160",
    "color_space": "胶片敏感度响应空间",
    "processing": "ColorChecker光谱内积 + 密度矩阵变换 + RGB三通道增益调整",
    "white_reference": "white 9.5色块调整至[0.8791659, 0.8839434, 0.8406781]",
    "gains": {
        "r": 0.0014307462015645072,
        "g": 0.00316078774597812,
        "b": 0.0016815412241918603
    },
    "data": {
        "A1": [
            0.12467171482770281,
            0.08823913799485551,
            0.0659625841586006
        ],
        "A2": [
            0.4812082980346378,
            0.29308693503678773,
            0.23279274976075934
        ],
        "A3": [
            0.12818767079467513,
            0.23913155799160124,
            0.33071779434881166
        ],
        "A4": [
            0.09801197169486639,
            0.15049905358034835,
            0.0699587953966805
        ],
        "A5": [
            0.2303597505868122,
            0.29089115321492753,
            0.44615087823207655
        ],
        "A6": [
            0.23289636218538673,
            0.501540154341629,
            0.4147740284003004
        ],
        "B1": [
            0.5285189801377762,
            0.19556412664205228,
            0.0682125392685402
        ],
        "B2": [
            0.08145986777413963,
            0.1847794399675788,
            0.3855879529956043
        ],
        "B3": [
            0.42955629577982707,
            0.12130908261326159,
            0.14881959180269724
        ],
        "B4": [
            0.08763005520362768,
            0.0883821054940758,
            0.1752420279710871
        ],
        "B5": [
            0.32015725813979723,
            0.4137499824481362,
            0.09355745699354501
        ],
        "B6": [
            0.5734021555113031,
            0.32477374629989353,
            0.07998574284289056
        ],
        "C1": [
            0.03815443074601831,
            0.11216235507585184,
            0.2750317465219575
        ],
        "C2": [
            0.10570433916156058,
            0.2588556682467376,
            0.08225735126970138
        ],
        "C3": [
            0.34608397831366516,
            0.06718923114989266,
            0.057264459709713014
        ],
        "C4": [
            0.6817997023338337,
            0.47501818239302807,
            0.0834857609537219
        ],
        "C5": [
            0.4203135799847571,
            0.16768197343149527,
            0.3381038032736526
        ],
        "C6": [
            0.07112734705019992,
            0.27468363325507,
            0.3497337689453569
        ],
        "D1": [
            0.8791659000000001,
            0.8839434,
            0.8406781
        ],
        "D2": [
            0.5644380201626055,
            0.60916178246097,
            0.6031303038680274
        ],
        "D3": [
            0.34650143242028764,
            0.4016796345341657,
            0.399047359776031
        ],
        "D4": [
            0.17249115494412656,
            0.2151977410143144,
            0.21107229514156578
        ],
        "D5": [
            0.07777276722873616,
            0.1088213804217856,
            0.1060284846138856
        ],
        "D6": [
            0.026462592228198797,
            0.04139550814135445,
            0.03965136294007848
        ]
    }
}