{
    "description": "ColorChecker 24色块在ACEScg色彩空间的RGB值",
    "type": "EnduraDensityExp",
    "color_space": "ACEScg (AP1 primaries, D60 white point)",
    "conversion_path": "Lab(D50) → XYZ(D50) → XYZ(D60) [Bradford] → ACEScg RGB",
    "white_point": "D50",
    "film_profile": "kodak_gold_200_auc",
    "paper_profile": "kodak_endura_premier_uc",
    "export_timestamp": "2025-09-08T17:26:22.872930",
    "processing_time_seconds": 0.0,
    "data": {
        "A1": [
            0.129459002403829,
            0.033011767819106,
            0.010273034397516
        ],
        "A2": [
            0.598892712252894,
            0.371605176168247,
            0.25640705613647
        ],
        "A3": [
            0.125809326888756,
            0.196807637114332,
            0.398201898930519
        ],
        "A4": [
            0.084576321939607,
            0.100449346978957,
            0.018430184682787
        ],
        "A5": [
            0.339717347764327,
            0.293356077961159,
            0.528922986120464
        ],
        "A6": [
            0.321999004445445,
            0.570161192874767,
            0.603423584748089
        ],
        "B1": [
            0.535841276017531,
            0.194602019442092,
            0.020657662215828
        ],
        "B2": [
            0.049590646894719,
            0.069608025861344,
            0.393844777919787
        ],
        "B3": [
            0.376746275075772,
            0.059845899098354,
            0.049283258429382
        ],
        "B4": [
            0.083243214959746,
            0.021591786976622,
            0.065657650335428
        ],
        "B5": [
            0.527806475288217,
            0.489354174292302,
            0.045552078733567
        ],
        "B6": [
            0.679200661426122,
            0.41840509906409,
            0.032729255705504
        ],
        "C1": [
            0.014278181574465,
            0.013918168720554,
            0.233398237587775
        ],
        "C2": [
            0.103620018171454,
            0.234518658186501,
            0.034951227062358
        ],
        "C3": [
            0.341169353902227,
            0.036582183661211,
            0.009033765529305
        ],
        "C4": [
            0.763471569372126,
            0.543389451129205,
            0.037296198194082
        ],
        "C5": [
            0.408245066093237,
            0.073695874834693,
            0.264106263153771
        ],
        "C6": [
            0.042157573134016,
            0.213813569430124,
            0.462671231422595
        ],
        "D1": [
            0.827239519747962,
            0.83499601581366,
            0.836304513353621
        ],
        "D2": [
            0.7160584343928,
            0.729128870356589,
            0.737734315201657
        ],
        "D3": [
            0.511162774602847,
            0.528123980932655,
            0.538766642449428
        ],
        "D4": [
            0.199525782422468,
            0.199525280048951,
            0.199524920890571
        ],
        "D5": [
            0.034397558832223,
            0.033897048179028,
            0.031557236999413
        ],
        "D6": [
            0.004296026307271,
            0.00545575103144,
            0.004730786241382
        ]
    }
}