{
    "description": "胶片 kodak_ultramax_400 模拟的ColorChecker 24色块在ACEScg色彩空间的RGB值",
    "color_space": "ACEScg (AP1 primaries, D60 white point)",
    "conversion_path": "胶片光谱特性 → 密度变换 → ACEScg RGB",
    "film_type": "kodak_ultramax_400",
    "optimization_loss": 5.166135835004424,
    "data": {
        "A1": [
            0.12735300879126588,
            0.07190296191768197,
            0.04248993179110721
        ],
        "A2": [
            0.47536734029269345,
            0.2711857428388804,
            0.14846206446185917
        ],
        "A3": [
            0.14358923202267004,
            0.1824583290551819,
            0.2927685692165967
        ],
        "A4": [
            0.11300935617276754,
            0.14089918215208716,
            0.060135281438716756
        ],
        "A5": [
            0.2534988828034833,
            0.22159595271826496,
            0.4116633163879415
        ],
        "A6": [
            0.2676086012484384,
            0.4815083943642078,
            0.4137067081088945
        ],
        "B1": [
            0.4648574518717801,
            0.20258378682434577,
            0.0
        ],
        "B2": [
            0.09366994184418743,
            0.11258489033877297,
            0.28314180894806723
        ],
        "B3": [
            0.3326012029186486,
            0.09137943895172236,
            0.0651407815157669
        ],
        "B4": [
            0.10233089399660532,
            0.050009982474529,
            0.15376039139918374
        ],
        "B5": [
            0.3676118162193341,
            0.47849026218241897,
            0.0
        ],
        "B6": [
            0.5631591490135037,
            0.3712283743672568,
            0.0
        ],
        "C1": [
            0.0417225863815417,
            0.0564421260192731,
            0.16884609817558613
        ],
        "C2": [
            0.12955127394363414,
            0.26578717951671615,
            0.07790355373886095
        ],
        "C3": [
            0.28230135518462957,
            0.051777831440258146,
            0.0
        ],
        "C4": [
            0.7262182835665433,
            0.5826467764638151,
            0.0
        ],
        "C5": [
            0.3710936792926465,
            0.10607878197381691,
            0.28679171042930196
        ],
        "C6": [
            0.08735258525856272,
            0.2117416269379405,
            0.27064377652771493
        ],
        "D1": [
            0.907030045765641,
            0.910185650078842,
            0.8361520402888142
        ],
        "D2": [
            0.5820889111983315,
            0.5908418279587233,
            0.5992273501911931
        ],
        "D3": [
            0.3582762024848141,
            0.3679776955664675,
            0.3929198643944984
        ],
        "D4": [
            0.17841951317353918,
            0.18206707690612736,
            0.20427153200354306
        ],
        "D5": [
            0.08147078202018652,
            0.08416738588647774,
            0.10059954051770227
        ],
        "D6": [
            0.03162350816145717,
            0.03162288456766058,
            0.03241757584180482
        ]
    }
}