{
    "description": "Kodak Vision3 200T 电影胶片 - 钨丝灯型，ISO 200，电影级",
    "film_type": "kodak_vision3_200t",
    "color_space": "ACEScg (从Kodak Endura Premier转换)",
    "processing": "ColorChecker光谱内积 + 密度矩阵变换 + RGB三通道增益调整 + 色彩空间转换",
    "white_reference": "white 9.5色块调整至[0.8791659, 0.8839434, 0.8406781]",
    "gains": {
        "r": 0.0007370918437925855,
        "g": 0.0009288473585713114,
        "b": 0.0002496420887419244
    },
    "data": {
        "A1": [
            0.1614163281541963,
            0.08718649893587403,
            0.06599266102376855
        ],
        "A2": [
            0.6319131661674162,
            0.2823496179202014,
            0.22867598591481364
        ],
        "A3": [
            0.0760215585999027,
            0.2236178554623146,
            0.33986917208811385
        ],
        "A4": [
            0.07875431318693481,
            0.16032844912176641,
            0.06637802309103683
        ],
        "A5": [
            0.22331781773630116,
            0.2634650713050652,
            0.4599230451341079
        ],
        "A6": [
            0.09901015412957813,
            0.5096420447886619,
            0.4095258590491867
        ],
        "B1": [
            0.716618750655955,
            0.19744185304101827,
            0.05876079791678259
        ],
        "B2": [
            0.0297002321231844,
            0.1541859831481331,
            0.4035783848895451
        ],
        "B3": [
            0.6312162568869408,
            0.09942586101211062,
            0.15205793992339092
        ],
        "B4": [
            0.11693022419314242,
            0.06991965342054669,
            0.18592229032174143
        ],
        "B5": [
            0.2812047543091945,
            0.45264481602259554,
            0.07475048432983689
        ],
        "B6": [
            0.7127441918695145,
            0.34533112375165004,
            0.06378840989256425
        ],
        "C1": [
            0.0,
            0.08647275667738431,
            0.28913018364507315
        ],
        "C2": [
            0.03659823310015619,
            0.2805754421819948,
            0.07282678230680101
        ],
        "C3": [
            0.591182129117228,
            0.051098432645661565,
            0.056120172957274346
        ],
        "C4": [
            0.819640329533245,
            0.5126600007088554,
            0.05853552021474445
        ],
        "C5": [
            0.6502403643658194,
            0.12426570881819798,
            0.35235694376779736
        ],
        "C6": [
            0.0,
            0.25887134628110403,
            0.3545973461976545
        ],
        "D1": [
            0.8820825848444276,
            0.8815695159479654,
            0.8382945706993629
        ],
        "D2": [
            0.5443733129573275,
            0.6037888157526077,
            0.6038358599351573
        ],
        "D3": [
            0.3207455882434143,
            0.39723169544940623,
            0.4013257992175623
        ],
        "D4": [
            0.1528297205722336,
            0.2125324384168624,
            0.21383498815224386
        ],
        "D5": [
            0.0641053283842689,
            0.10722885834201241,
            0.1084551181104466
        ],
        "D6": [
            0.020668545056443048,
            0.04057661464713256,
            0.04091723001715577
        ]
    }
}