{
    "description": "ColorChecker 24色块在ACEScg色彩空间的RGB值",
    "type": "EnduraDensityExp",
    "color_space": "ACEScg (AP1 primaries, D60 white point)",
    "conversion_path": "Lab(D50) → XYZ(D50) → XYZ(D60) [Bradford] → ACEScg RGB",
    "white_point": "D50",
    "film_profile": "kodak_ektar_100_auc",
    "paper_profile": "kodak_endura_premier_uc",
    "export_timestamp": "2025-09-08T17:24:22.157334",
    "processing_time_seconds": 0.0,
    "data": {
        "A1": [
            0.112232527755741,
            0.030491006449017,
            0.010515150104354
        ],
        "A2": [
            0.573774121977747,
            0.379959958655061,
            0.251995051785392
        ],
        "A3": [
            0.122098220029912,
            0.204001394802731,
            0.435075430994903
        ],
        "A4": [
            0.073567719864406,
            0.086128849989667,
            0.017833174725676
        ],
        "A5": [
            0.33554329636718,
            0.308944825767211,
            0.576088137129506
        ],
        "A6": [
            0.328253161759304,
            0.573920272661777,
            0.631850874184621
        ],
        "B1": [
            0.503282359362162,
            0.188138138416551,
            0.020852189992283
        ],
        "B2": [
            0.04578771490552,
            0.075735257868076,
            0.433016331551707
        ],
        "B3": [
            0.34905845320818,
            0.060042065770055,
            0.050298315347454
        ],
        "B4": [
            0.065020627564188,
            0.020519447205689,
            0.071280823826935
        ],
        "B5": [
            0.51181744766912,
            0.46614849463755,
            0.044732466898543
        ],
        "B6": [
            0.640260938790689,
            0.397335073294411,
            0.032999889615271
        ],
        "C1": [
            0.015366115971062,
            0.016244042311898,
            0.269439490066382
        ],
        "C2": [
            0.094579972242807,
            0.217164304629748,
            0.033060900590695
        ],
        "C3": [
            0.303235529889788,
            0.034464362437252,
            0.009041865192758
        ],
        "C4": [
            0.725719923169527,
            0.518971163120865,
            0.037712822282429
        ],
        "C5": [
            0.385911717816671,
            0.080007764661962,
            0.31267090084624
        ],
        "C6": [
            0.039744455175768,
            0.223009251304841,
            0.491714098947106
        ],
        "D1": [
            0.807025588279259,
            0.830335727750887,
            0.851507652003318
        ],
        "D2": [
            0.699489505979946,
            0.731837447650396,
            0.769614390158863
        ],
        "D3": [
            0.51018929608646,
            0.539752996771293,
            0.579838508146618
        ],
        "D4": [
            0.199527719823803,
            0.199526689050749,
            0.199525022481869
        ],
        "D5": [
            0.030509810514485,
            0.031658601125239,
            0.029925417761878
        ],
        "D6": [
            0.004031810611329,
            0.005280104476632,
            0.00476451844528
        ]
    }
}