{
    "description": "Kodak Vision3 200T 电影胶片 - 钨丝灯型，ISO 200，电影级",
    "film_type": "kodak_vision3_200t",
    "color_space": "胶片敏感度响应空间",
    "processing": "ColorChecker光谱内积 + 密度矩阵变换 + RGB三通道增益调整",
    "white_reference": "white 9.5色块调整至[0.8913, 0.8913, 0.8913]",
    "gains": {
        "r": 0.000747265061545644,
        "g": 0.0009365776708040467,
        "b": 0.0002646744261515522
    },
    "data": {
        "A1": [
            0.14104049483310874,
            0.09138439606916567,
            0.0716362186297584
        ],
        "A2": [
            0.5371851551575847,
            0.29851649717101203,
            0.2476184130160347
        ],
        "A3": [
            0.12682785948343586,
            0.21450282570145082,
            0.3526919051593265
        ],
        "A4": [
            0.09706786011336663,
            0.16428861548121879,
            0.07537825060902968
        ],
        "A5": [
            0.25063857929563155,
            0.2536154233931134,
            0.475924421545354
        ],
        "A6": [
            0.21130294055858115,
            0.506617667138113,
            0.4376263324411177
        ],
        "B1": [
            0.5690355280120134,
            0.22284603048625812,
            0.07342064641294925
        ],
        "B2": [
            0.08190434166529725,
            0.13789634443852675,
            0.41260680881421113
        ],
        "B3": [
            0.491270891150822,
            0.11389499106509796,
            0.1612508662778131
        ],
        "B4": [
            0.11263360647664841,
            0.06558950214015437,
            0.19062634199848474
        ],
        "B5": [
            0.30957233884284374,
            0.47184478269984614,
            0.10029123899933881
        ],
        "B6": [
            0.5992298775034346,
            0.3750970998436249,
            0.08619701835813225
        ],
        "C1": [
            0.036157142591089125,
            0.07329523528952883,
            0.29420107090167347
        ],
        "C2": [
            0.09338216026232975,
            0.28673972425014466,
            0.08790403948151325
        ],
        "C3": [
            0.4452208446005484,
            0.06803909118340778,
            0.062361523401064066
        ],
        "C4": [
            0.7136759850983784,
            0.5514219975582861,
            0.09034081751088026
        ],
        "C5": [
            0.523614774087606,
            0.12912036552983597,
            0.3633431691521649
        ],
        "C6": [
            0.061222757168371236,
            0.24690532011266217,
            0.3687014090664516
        ],
        "D1": [
            0.8913,
            0.8913,
            0.8913000000000001
        ],
        "D2": [
            0.5688806639188246,
            0.6069640109975053,
            0.6398463483087597
        ],
        "D3": [
            0.34731092851675543,
            0.39793473433542476,
            0.42480626311906994
        ],
        "D4": [
            0.17209671796567655,
            0.21237349905050568,
            0.22628645032314365
        ],
        "D5": [
            0.07740169121057829,
            0.10671317399766894,
            0.11466237104028423
        ],
        "D6": [
            0.026669003663970806,
            0.0402766522303455,
            0.043244922499663656
        ]
    }
}