{
    "description": "Kodak Gold 200 彩色负片 - 日光型，ISO 200，经典色彩",
    "film_type": "kodak_gold_200",
    "color_space": "ACEScg (从Kodak Endura Premier转换)",
    "processing": "ColorChecker光谱内积 + 密度矩阵变换 + RGB三通道增益调整 + 色彩空间转换",
    "white_reference": "white 9.5色块调整至[0.8791659, 0.8839434, 0.8406781]",
    "gains": {
        "r": 0.0008845508552279596,
        "g": 0.0015639079251195125,
        "b": 0.0009947386017666222
    },
    "data": {
        "A1": [
            0.16551597500863902,
            0.08385767684453069,
            0.06325676386043054
        ],
        "A2": [
            0.640003938759808,
            0.2774106702147794,
            0.2290085938413338
        ],
        "A3": [
            0.08241276843830181,
            0.2413737510485596,
            0.33336852942772194
        ],
        "A4": [
            0.08145796844045157,
            0.15449628452820638,
            0.06474732691434781
        ],
        "A5": [
            0.23956889177164695,
            0.28837197849821783,
            0.4494186453475334
        ],
        "A6": [
            0.10929344539728912,
            0.5159454841038887,
            0.412974782661056
        ],
        "B1": [
            0.6949841112557769,
            0.1716448156151527,
            0.058795685458502056
        ],
        "B2": [
            0.038364342958675024,
            0.18437759886838614,
            0.39457126223143296
        ],
        "B3": [
            0.6178982450163987,
            0.10256751584849698,
            0.14426897783542053
        ],
        "B4": [
            0.1382025674436086,
            0.0840130775974942,
            0.17225267675974743
        ],
        "B5": [
            0.28529165928598504,
            0.423335389592838,
            0.07443010876878403
        ],
        "B6": [
            0.694068279562795,
            0.31071417312413374,
            0.06351837732403717
        ],
        "C1": [
            0.0,
            0.11105828781505585,
            0.28326026358195144
        ],
        "C2": [
            0.04316695393736033,
            0.2700994558713457,
            0.07243999508424635
        ],
        "C3": [
            0.6073961221711395,
            0.049108943181661265,
            0.05372827031116184
        ],
        "C4": [
            0.8108135232030779,
            0.46603725024322357,
            0.05761318353630582
        ],
        "C5": [
            0.6879469606648324,
            0.14567303481465207,
            0.3365799450133285
        ],
        "C6": [
            0.0,
            0.28281206686247057,
            0.3586665449508796
        ],
        "D1": [
            0.8820825848444277,
            0.8815695159479654,
            0.8382945706993628
        ],
        "D2": [
            0.543946080518703,
            0.6083035836132046,
            0.5990760042026481
        ],
        "D3": [
            0.3203649054675659,
            0.40159440151478387,
            0.39476444717501863
        ],
        "D4": [
            0.15230809060729988,
            0.2151775991333544,
            0.20779537887824553
        ],
        "D5": [
            0.06419591667172805,
            0.10899903070947865,
            0.10400307493378569
        ],
        "D6": [
            0.020954377277713977,
            0.04143738148408744,
            0.038712300585820585
        ]
    }
}