{
    "description": "Kodak Vision3 50D 电影胶片 - 日光型，ISO 50，电影级",
    "film_type": "kodak_vision3_50d",
    "color_space": "胶片敏感度响应空间",
    "processing": "ColorChecker光谱内积 + 密度矩阵变换 + RGB三通道增益调整",
    "white_reference": "white 9.5色块调整至[0.8791659, 0.8839434, 0.8406781]",
    "gains": {
        "r": 0.003968910448204498,
        "g": 0.006617114862959046,
        "b": 0.003360158952503305
    },
    "data": {
        "A1": [
            0.141554056598646,
            0.08967327657759325,
            0.06494205544927452
        ],
        "A2": [
            0.5368035871061484,
            0.29432092601072035,
            0.2324251381771253
        ],
        "A3": [
            0.1255012147340144,
            0.2136699158520663,
            0.3283360536927537
        ],
        "A4": [
            0.09546030190527256,
            0.16373558513081937,
            0.06900017527921545
        ],
        "A5": [
            0.2512782261507331,
            0.25223958400899055,
            0.4418285317028767
        ],
        "A6": [
            0.20545153285398368,
            0.5057550655282348,
            0.41409954903664037
        ],
        "B1": [
            0.5642160759376093,
            0.215700179323144,
            0.0675887413652216
        ],
        "B2": [
            0.08170347817765529,
            0.13769090087913385,
            0.3845304038086144
        ],
        "B3": [
            0.4893533269637147,
            0.11183202094584113,
            0.1456695411604925
        ],
        "B4": [
            0.11529255035250509,
            0.06508112474451389,
            0.16897659879536292
        ],
        "B5": [
            0.30296537512520216,
            0.46893657109443215,
            0.09166119987467074
        ],
        "B6": [
            0.5919171459413576,
            0.3683060930397223,
            0.07877935836706433
        ],
        "C1": [
            0.03583171023820291,
            0.07322683759685042,
            0.2751158676838258
        ],
        "C2": [
            0.09020608491515,
            0.2864141639731082,
            0.0808717750577084
        ],
        "C3": [
            0.44964454836204215,
            0.0667789107445563,
            0.05662464584260184
        ],
        "C4": [
            0.7055957001757608,
            0.5440738477779313,
            0.08136057556242042
        ],
        "C5": [
            0.5314747608594483,
            0.1271840790842073,
            0.3312300769442037
        ],
        "C6": [
            0.059280267494481065,
            0.2481963129466846,
            0.351270920836131
        ],
        "D1": [
            0.8791659,
            0.8839434,
            0.8406781
        ],
        "D2": [
            0.5606003635328678,
            0.601810227401598,
            0.5996771827276525
        ],
        "D3": [
            0.3419629060737482,
            0.39441630335087774,
            0.39532029677448155
        ],
        "D4": [
            0.16930689288225018,
            0.21030937777215597,
            0.20842910098749617
        ],
        "D5": [
            0.07612784046324045,
            0.10564295398607197,
            0.10442802978597908
        ],
        "D6": [
            0.02628497086946055,
            0.03984942335930569,
            0.03892081833226356
        ]
    }
}