{
    "description": "Kodak Portra 800 专业彩色负片 - 日光型，ISO 800，人像专用",
    "film_type": "kodak_portra_800",
    "color_space": "胶片敏感度响应空间",
    "processing": "ColorChecker光谱内积 + 密度矩阵变换 + RGB三通道增益调整",
    "white_reference": "white 9.5色块调整至[0.8791659, 0.8839434, 0.8406781]",
    "gains": {
        "r": 0.00013646184465992904,
        "g": 0.00041699200743104,
        "b": 0.00033938805152278336
    },
    "data": {
        "A1": [
            0.14298407550199818,
            0.08971327193233584,
            0.06666723545680235
        ],
        "A2": [
            0.5435103122806151,
            0.29614733636285956,
            0.23474176606085878
        ],
        "A3": [
            0.12781996476500015,
            0.2206472521358023,
            0.33129247863376704
        ],
        "A4": [
            0.09595716594278927,
            0.15881924887547966,
            0.07060830657716259
        ],
        "A5": [
            0.25810213958402733,
            0.2630739100689935,
            0.4494568858325297
        ],
        "A6": [
            0.20821696271676052,
            0.5035978949275333,
            0.41594127665462266
        ],
        "B1": [
            0.5598262135429642,
            0.21302643858893472,
            0.06877726607598712
        ],
        "B2": [
            0.08591984488608118,
            0.1508939626741617,
            0.383471337730494
        ],
        "B3": [
            0.4866086872336604,
            0.11521808690947898,
            0.15082891356751488
        ],
        "B4": [
            0.12459244135992703,
            0.07130409231174616,
            0.18064996021824095
        ],
        "B5": [
            0.30370343044185377,
            0.45074817433955683,
            0.0953824601825022
        ],
        "B6": [
            0.587148590528245,
            0.35629281717095906,
            0.08088177711913133
        ],
        "C1": [
            0.03687538166654455,
            0.08446849307824349,
            0.2719563371958273
        ],
        "C2": [
            0.09151862738233028,
            0.27692972311999675,
            0.0838046087945117
        ],
        "C3": [
            0.45511391628612746,
            0.06721257044452299,
            0.05785965585681078
        ],
        "C4": [
            0.7025864527753457,
            0.5230006527274134,
            0.08479111500427544
        ],
        "C5": [
            0.5482338301252747,
            0.13921684027498127,
            0.34433960133466296
        ],
        "C6": [
            0.06142542721865802,
            0.2557738038998824,
            0.3477419430076527
        ],
        "D1": [
            0.8791658999999998,
            0.8839434,
            0.8406781
        ],
        "D2": [
            0.5599702298345128,
            0.6038795716303481,
            0.6056088556819064
        ],
        "D3": [
            0.3412612142645659,
            0.3964198045467329,
            0.4011827329556784
        ],
        "D4": [
            0.16870717454666964,
            0.21165376404893604,
            0.2122061043600521
        ],
        "D5": [
            0.07589975845936023,
            0.10647735728320068,
            0.10657716051063242
        ],
        "D6": [
            0.026287155715463847,
            0.04025477155673814,
            0.03990833425718085
        ]
    }
}