{
    "description": "Kodak Portra 400 专业彩色负片 - 日光型，ISO 400，人像专用",
    "film_type": "kodak_portra_400",
    "color_space": "胶片敏感度响应空间",
    "processing": "ColorChecker光谱内积 + 密度矩阵变换 + RGB三通道增益调整",
    "white_reference": "white 9.5色块调整至[0.8791659, 0.8839434, 0.8406781]",
    "gains": {
        "r": 0.00031440848584547633,
        "g": 0.0007216585298068798,
        "b": 0.00042957869878279705
    },
    "data": {
        "A1": [
            0.13383262169411533,
            0.087727398226457,
            0.07060063299236193
        ],
        "A2": [
            0.5074696018088778,
            0.2959639638158411,
            0.23541274805086898
        ],
        "A3": [
            0.12685426540280953,
            0.23638415395223517,
            0.3413746550937756
        ],
        "A4": [
            0.09740520366173619,
            0.15341317671595436,
            0.07318974275300708
        ],
        "A5": [
            0.24064262459754057,
            0.2844192207994722,
            0.46339045862214473
        ],
        "A6": [
            0.22116482591675185,
            0.5117633190376705,
            0.4139605504739788
        ],
        "B1": [
            0.5425779362215647,
            0.19178354685428445,
            0.07071200438654987
        ],
        "B2": [
            0.08087880835189246,
            0.1762556001491998,
            0.3982217546799076
        ],
        "B3": [
            0.4552231302656586,
            0.11911135166281696,
            0.16175750080609066
        ],
        "B4": [
            0.1018325961024864,
            0.08298431788317939,
            0.19730125367484416
        ],
        "B5": [
            0.31380767537085114,
            0.42491205626352163,
            0.09611819986714784
        ],
        "B6": [
            0.5800347845211696,
            0.3227535596429222,
            0.08374533022303035
        ],
        "C1": [
            0.03649889685438137,
            0.10470824168063887,
            0.28200412515247403
        ],
        "C2": [
            0.09983021901364204,
            0.26998725412016783,
            0.08348552878001586
        ],
        "C3": [
            0.4001109026486666,
            0.06711201766084032,
            0.061213235304815546
        ],
        "C4": [
            0.6944587287241238,
            0.48161130000043506,
            0.08822612747678343
        ],
        "C5": [
            0.4772642684389266,
            0.15790824221140357,
            0.3628251737195562
        ],
        "C6": [
            0.06563311010241508,
            0.28042913124607205,
            0.34627859413254847
        ],
        "D1": [
            0.8791659,
            0.8839433999999999,
            0.8406781
        ],
        "D2": [
            0.5622974335552535,
            0.6076070307214884,
            0.6130573617442715
        ],
        "D3": [
            0.34402677803102333,
            0.4004341438398386,
            0.4114274211690325
        ],
        "D4": [
            0.17070291631340354,
            0.2144251882215808,
            0.22122246099532544
        ],
        "D5": [
            0.07687226241070884,
            0.10847258413036005,
            0.11284903415823125
        ],
        "D6": [
            0.026353431945008197,
            0.04125763855986672,
            0.042887320089871644
        ]
    }
}