{
    "description": "Kodak Vision3 500T 电影胶片 - 钨丝灯型，ISO 500，电影级",
    "film_type": "kodak_vision3_500t",
    "color_space": "ACEScg (从Kodak Endura Premier转换)",
    "processing": "ColorChecker光谱内积 + 密度矩阵变换 + RGB三通道增益调整 + 色彩空间转换",
    "white_reference": "white 9.5色块调整至[0.8791659, 0.8839434, 0.8406781]",
    "gains": {
        "r": 0.0003139961312935739,
        "g": 0.00043314558102262624,
        "b": 0.00010652768325138958
    },
    "data": {
        "A1": [
            0.16032895209602002,
            0.08759370834666014,
            0.07032510077032342
        ],
        "A2": [
            0.6338076263325383,
            0.2844297428779821,
            0.23947400505538227
        ],
        "A3": [
            0.07836560272160555,
            0.22771871415854064,
            0.34521451854929686
        ],
        "A4": [
            0.07995676417546844,
            0.15843487679501994,
            0.07128716563923432
        ],
        "A5": [
            0.22845947368718586,
            0.2694563027080293,
            0.4675960979167656
        ],
        "A6": [
            0.1065242300634225,
            0.5098628151596296,
            0.421899929209286
        ],
        "B1": [
            0.7053154689295568,
            0.19694004948848942,
            0.06311559645739212
        ],
        "B2": [
            0.03508496520606154,
            0.1612799483416876,
            0.4018389206330144
        ],
        "B3": [
            0.6156168496263533,
            0.1025561513271215,
            0.1612931864740568
        ],
        "B4": [
            0.12531788502029778,
            0.07323172852501293,
            0.2003176255646731
        ],
        "B5": [
            0.28638922390417454,
            0.44504100783345407,
            0.08577969156082456
        ],
        "B6": [
            0.7047105314041733,
            0.3400011873463781,
            0.07018318246085353
        ],
        "C1": [
            0.0,
            0.09247997952062965,
            0.28404835902452935
        ],
        "C2": [
            0.041152723256930666,
            0.27710483064086266,
            0.08226995720133135
        ],
        "C3": [
            0.5795578985783152,
            0.052045248393008135,
            0.05980973570329043
        ],
        "C4": [
            0.8137050033396586,
            0.5036124299687752,
            0.06834670526978655
        ],
        "C5": [
            0.6535603001433596,
            0.13082066725722216,
            0.36412634219779233
        ],
        "C6": [
            0.0,
            0.26414909975471335,
            0.357577373921413
        ],
        "D1": [
            0.8820825848444277,
            0.8815695159479654,
            0.8382945706993628
        ],
        "D2": [
            0.5426690086320308,
            0.6052878004763007,
            0.6119349976954837
        ],
        "D3": [
            0.31885254277656405,
            0.3988728642644511,
            0.4113949564136505
        ],
        "D4": [
            0.1512560564618437,
            0.2137587923385457,
            0.22181270604073408
        ],
        "D5": [
            0.06327493559787911,
            0.10802675634499175,
            0.11367302938524797
        ],
        "D6": [
            0.020341411663080768,
            0.040966083433636634,
            0.04346341244460449
        ]
    }
}