{
    "description": "胶片 kodak_portra_160 模拟的ColorChecker 24色块在ACEScg色彩空间的RGB值",
    "color_space": "ACEScg (AP1 primaries, D60 white point)",
    "conversion_path": "胶片光谱特性 → 密度变换 → ACEScg RGB",
    "film_type": "kodak_portra_160",
    "optimization_loss": 5.7653187592211905,
    "data": {
        "A1": [
            0.12056981852025082,
            0.06739698382812802,
            0.04100073685955232
        ],
        "A2": [
            0.4543512612568702,
            0.26811005617127054,
            0.14466122683753097
        ],
        "A3": [
            0.1440897807804619,
            0.18366951828594097,
            0.2939739102236215
        ],
        "A4": [
            0.1083373016075615,
            0.13506034117476468,
            0.05780590786617104
        ],
        "A5": [
            0.2426496301996181,
            0.22779045154205868,
            0.40866704108663754
        ],
        "A6": [
            0.2703199583959772,
            0.478960132395845,
            0.4116965441266411
        ],
        "B1": [
            0.46595110046011856,
            0.20142432850200903,
            0.0
        ],
        "B2": [
            0.0939730562797498,
            0.12468101260898999,
            0.2899414552563276
        ],
        "B3": [
            0.3551837327351528,
            0.08955144872127835,
            0.04134274502961713
        ],
        "B4": [
            0.08845324736592688,
            0.054620882755609744,
            0.1503166939641491
        ],
        "B5": [
            0.34834463588706116,
            0.5069426633906581,
            0.0
        ],
        "B6": [
            0.5445679512399784,
            0.38453983241940265,
            0.0
        ],
        "C1": [
            0.04577248142560974,
            0.0672809926843563,
            0.18033142398863727
        ],
        "C2": [
            0.12697331727316793,
            0.27019367697311497,
            0.07441425326876104
        ],
        "C3": [
            0.2704017561322427,
            0.04879708912637655,
            0.0
        ],
        "C4": [
            0.6733683055916146,
            0.636791188259729,
            0.0
        ],
        "C5": [
            0.3651654800906838,
            0.11668157878487549,
            0.2811582356395474
        ],
        "C6": [
            0.09019663457354979,
            0.21529203540057712,
            0.27800757360657785
        ],
        "D1": [
            0.899560089433947,
            0.9145977426759481,
            0.8192787466587126
        ],
        "D2": [
            0.5835569884483325,
            0.5884888889410859,
            0.5866894511835304
        ],
        "D3": [
            0.36219736430079724,
            0.36256188703279285,
            0.38467749544446994
        ],
        "D4": [
            0.18234440246136616,
            0.17624760247842164,
            0.19976134209354943
        ],
        "D5": [
            0.08369272457801226,
            0.07995427170679406,
            0.09849495612891529
        ],
        "D6": [
            0.03162348793374471,
            0.031622881582388816,
            0.032395599550763994
        ]
    }
}