{
    "description": "Kodak Portra 400 专业彩色负片 - 日光型，ISO 400，人像专用",
    "film_type": "kodak_portra_400",
    "color_space": "ACEScg (从Kodak Endura Premier转换)",
    "processing": "ColorChecker光谱内积 + 密度矩阵变换 + RGB三通道增益调整 + 色彩空间转换",
    "white_reference": "white 9.5色块调整至[0.8791659, 0.8839434, 0.8406781]",
    "gains": {
        "r": 0.00031440848584547633,
        "g": 0.0007216585298068798,
        "b": 0.00042957869878279705
    },
    "data": {
        "A1": [
            0.15449277990102112,
            0.08473921859889633,
            0.06937083754775784
        ],
        "A2": [
            0.6002240203530524,
            0.2833292963285006,
            0.23077556028601565
        ],
        "A3": [
            0.07055236156904611,
            0.24731427239245846,
            0.34788110283846124
        ],
        "A4": [
            0.08365201959656836,
            0.151023788531951,
            0.06905136521644804
        ],
        "A5": [
            0.20275535832690836,
            0.29695085576035063,
            0.4736291320401939
        ],
        "A6": [
            0.11404885825475379,
            0.5183387624461666,
            0.41024129775126617
        ],
        "B1": [
            0.6987346166508427,
            0.16959823848005423,
            0.06187007336707027
        ],
        "B2": [
            0.017193521729817498,
            0.19355118570375598,
            0.41116513656277964
        ],
        "B3": [
            0.5870290524167567,
            0.10730713915690593,
            0.16213033895151463
        ],
        "B4": [
            0.09665586489362436,
            0.08899098783582476,
            0.20356196191402606
        ],
        "B5": [
            0.30557538312951443,
            0.4100641087347683,
            0.07845072863419382
        ],
        "B6": [
            0.7114311100674077,
            0.2975325790584455,
            0.06888621427785259
        ],
        "C1": [
            0.0,
            0.11818283689899647,
            0.29229512221425347
        ],
        "C2": [
            0.05162120725909845,
            0.2661375428735011,
            0.07410299582794837
        ],
        "C3": [
            0.5361028476142278,
            0.05254831118256352,
            0.05889827854574392
        ],
        "C4": [
            0.825132244097611,
            0.4490888170627547,
            0.06502557287004392
        ],
        "C5": [
            0.5840393877558488,
            0.15648739821918803,
            0.3723444812183828
        ],
        "C6": [
            0.0,
            0.2935199052546707,
            0.351230781919136
        ],
        "D1": [
            0.8820825848444278,
            0.8815695159479653,
            0.8382945706993628
        ],
        "D2": [
            0.5432717574077013,
            0.6098655608361786,
            0.6136314551638196
        ],
        "D3": [
            0.31986859250730215,
            0.40349657578810927,
            0.4123767220064406
        ],
        "D4": [
            0.15217107598052074,
            0.21669622397368626,
            0.2218621786269177
        ],
        "D5": [
            0.0635385731623112,
            0.11008202536086692,
            0.11328149303388609
        ],
        "D6": [
            0.020113418601840325,
            0.04199084170026782,
            0.04306706721410673
        ]
    }
}