{
    "description": "Kodak Gold 200 彩色负片 - 日光型，ISO 200，经典色彩",
    "film_type": "kodak_gold_200",
    "color_space": "胶片敏感度响应空间",
    "processing": "ColorChecker光谱内积 + 密度矩阵变换 + RGB三通道增益调整",
    "white_reference": "white 9.5色块调整至[0.8913, 0.8913, 0.8913]",
    "gains": {
        "r": 0.0008967592774750254,
        "g": 0.001576923515305416,
        "b": 0.0010546373406831824
    },
    "data": {
        "A1": [
            0.14311092188388147,
            0.08822624492117807,
            0.06874438889643855
        ],
        "A2": [
            0.5420038370127115,
            0.2936519024840656,
            0.2477396940992378
        ],
        "A3": [
            0.13498203070076034,
            0.23338591007089057,
            0.34714822365020576
        ],
        "A4": [
            0.0976406952805524,
            0.15844244853624154,
            0.07345416865361146
        ],
        "A5": [
            0.2672896768123615,
            0.28040613746279386,
            0.46680233230065943
        ],
        "A6": [
            0.22040468024901275,
            0.5132541389510713,
            0.4414726762249122
        ],
        "B1": [
            0.5475894691298648,
            0.19554440382394397,
            0.07197527490345267
        ],
        "B2": [
            0.0942987004497598,
            0.16982366196326487,
            0.4052178712004738
        ],
        "B3": [
            0.48176618816275185,
            0.11715162749665044,
            0.1535342770476887
        ],
        "B4": [
            0.13034370835609377,
            0.08154881886306327,
            0.1777948502909954
        ],
        "B5": [
            0.3060478718559187,
            0.4417369594381772,
            0.09845584157896775
        ],
        "B6": [
            0.5779680171369774,
            0.3388005107003985,
            0.0840005255297679
        ],
        "C1": [
            0.04221530761976366,
            0.09903728692121266,
            0.28961848684671104
        ],
        "C2": [
            0.09582247606194322,
            0.27615213622780976,
            0.08700506626272761
        ],
        "C3": [
            0.45642687034118884,
            0.06662110412306309,
            0.05995539926087334
        ],
        "C4": [
            0.6968866387199031,
            0.5030753597883442,
            0.0869182040218765
        ],
        "C5": [
            0.5547660147846387,
            0.15325564850069817,
            0.3488801788230712
        ],
        "C6": [
            0.07086896691713163,
            0.2715675057055843,
            0.37406764227557837
        ],
        "D1": [
            0.8913,
            0.8913000000000001,
            0.8913000000000001
        ],
        "D2": [
            0.5692585079647551,
            0.6118722880883908,
            0.6353119585225785
        ],
        "D3": [
            0.34757205598013247,
            0.4027864851421606,
            0.41845926416528395
        ],
        "D4": [
            0.17190951238033803,
            0.21541939205260163,
            0.22037121210417407
        ],
        "D5": [
            0.07756977485472834,
            0.1087877320598274,
            0.11029535159375195
        ],
        "D6": [
            0.026924111581570615,
            0.04129514890598498,
            0.04108267352005583
        ]
    }
}