{
    "description": "胶片 kodak_portra_800 模拟的ColorChecker 24色块在ACEScg色彩空间的RGB值",
    "color_space": "ACEScg (AP1 primaries, D60 white point)",
    "conversion_path": "胶片光谱特性 → 密度变换 → ACEScg RGB",
    "film_type": "kodak_portra_800",
    "optimization_loss": 5.241842138407873,
    "data": {
        "A1": [
            0.12678161685174494,
            0.0720677929975239,
            0.04227202176855278
        ],
        "A2": [
            0.47486837449120795,
            0.27482442350868697,
            0.1485270865992135
        ],
        "A3": [
            0.14407089851875624,
            0.18298286611889586,
            0.29240872108988697
        ],
        "A4": [
            0.1127366247942964,
            0.13998453900043836,
            0.060165829394851794
        ],
        "A5": [
            0.25362620473792086,
            0.22281198558350995,
            0.4105181665444323
        ],
        "A6": [
            0.26762290778115333,
            0.4818439223417612,
            0.4148976052447285
        ],
        "B1": [
            0.46443631269615837,
            0.20623624965386622,
            0.0
        ],
        "B2": [
            0.09431825537800338,
            0.11458866396403156,
            0.2828445059981459
        ],
        "B3": [
            0.33129019422456163,
            0.0924930808057196,
            0.0643752748492064
        ],
        "B4": [
            0.10132194077142789,
            0.05023371973978381,
            0.1538682946725258
        ],
        "B5": [
            0.36712901065384096,
            0.48178748278235894,
            0.0
        ],
        "B6": [
            0.5620481518201634,
            0.3744602008882472,
            0.0
        ],
        "C1": [
            0.042356022455931334,
            0.05843288208895256,
            0.1692683488526399
        ],
        "C2": [
            0.12911838967404649,
            0.2666438150640339,
            0.07951219394945784
        ],
        "C3": [
            0.27728937161692724,
            0.05236398879026709,
            0.0
        ],
        "C4": [
            0.7241908222236444,
            0.5905597386989891,
            0.0
        ],
        "C5": [
            0.3687891391358171,
            0.10828482193882867,
            0.285378414643413
        ],
        "C6": [
            0.08727707344307632,
            0.21417865301366304,
            0.27125957823939084
        ],
        "D1": [
            0.9076835107462518,
            0.9111806541895778,
            0.8299171097751336
        ],
        "D2": [
            0.5828451733838316,
            0.5906877841596518,
            0.5963867585029314
        ],
        "D3": [
            0.3589538314564582,
            0.3675158171987139,
            0.3915591949207838
        ],
        "D4": [
            0.17890960852734414,
            0.18162901170447707,
            0.20360474916284582
        ],
        "D5": [
            0.08173527765835813,
            0.08385278725882941,
            0.1002656233616802
        ],
        "D6": [
            0.03162350535999838,
            0.03162288415421216,
            0.03241453221174501
        ]
    }
}