{
    "description": "Kodak Portra 160 专业彩色负片 - 日光型，ISO 160，人像专用",
    "film_type": "kodak_portra_160",
    "color_space": "胶片敏感度响应空间",
    "processing": "ColorChecker光谱内积 + 密度矩阵变换 + RGB三通道增益调整",
    "white_reference": "white 9.5色块调整至[0.8913, 0.8913, 0.8913]",
    "gains": {
        "r": 0.00145049312018863,
        "g": 0.0031870933342454935,
        "b": 0.001782796165526621
    },
    "data": {
        "A1": [
            0.1263924128835428,
            0.0889735063294943,
            0.06993455790100957
        ],
        "A2": [
            0.4878498540926947,
            0.29552614477158706,
            0.2468104948395406
        ],
        "A3": [
            0.129956895483883,
            0.24112172525742503,
            0.3506321505259808
        ],
        "A4": [
            0.09936471645639851,
            0.15175157872796433,
            0.07417140322444624
        ],
        "A5": [
            0.23353913715036687,
            0.29331208860257896,
            0.47301610184474874
        ],
        "A6": [
            0.23611075863592432,
            0.5057142115260931,
            0.4397498775252828
        ],
        "B1": [
            0.5358135102792316,
            0.19719170489429658,
            0.07231999531098754
        ],
        "B2": [
            0.08258416317908901,
            0.18631726289613448,
            0.40880634633515744
        ],
        "B3": [
            0.4354849595833504,
            0.12231867485316372,
            0.15778084640689946
        ],
        "B4": [
            0.08883951049852291,
            0.08911766367266247,
            0.18579432428491946
        ],
        "B5": [
            0.32457601481131293,
            0.4171934078087169,
            0.09919107137243931
        ],
        "B6": [
            0.5813161556962394,
            0.32747666884225285,
            0.08480212889555272
        ],
        "C1": [
            0.03868103178697686,
            0.11309582387187543,
            0.2915929363153635
        ],
        "C2": [
            0.10716325268609593,
            0.2610099889973919,
            0.0872105234889369
        ],
        "C3": [
            0.3508605712198002,
            0.0677484120859993,
            0.060712671044085974
        ],
        "C4": [
            0.691209787242824,
            0.47897151103442354,
            0.08851290254623302
        ],
        "C5": [
            0.426114677378199,
            0.16907750306127253,
            0.3584629120918061
        ],
        "C6": [
            0.07210903474059126,
            0.2769696819052485,
            0.3707931826236423
        ],
        "D1": [
            0.8913,
            0.8913,
            0.8913
        ],
        "D2": [
            0.5722282988579632,
            0.6142315183386883,
            0.6394481310237204
        ],
        "D3": [
            0.3512837869578453,
            0.40502260468294904,
            0.4230762187909698
        ],
        "D4": [
            0.174871848875963,
            0.2169887196013438,
            0.2237821309484303
        ],
        "D5": [
            0.07884617389160856,
            0.10972704402786135,
            0.11241304886657115
        ],
        "D6": [
            0.02682782447885386,
            0.0417400213705869,
            0.04203899184300385
        ]
    }
}