{
    "description": "胶片 kodak_portra_400 模拟的ColorChecker 24色块在ACEScg色彩空间的RGB值",
    "color_space": "ACEScg (AP1 primaries, D60 white point)",
    "conversion_path": "胶片光谱特性 → 密度变换 → ACEScg RGB",
    "film_type": "kodak_portra_400",
    "optimization_loss": 5.62654432858687,
    "data": {
        "A1": [
            0.12379539374378208,
            0.0704026252523105,
            0.046865774595204364
        ],
        "A2": [
            0.4554204323847849,
            0.27727742619046886,
            0.16551284159978463
        ],
        "A3": [
            0.14390843710292614,
            0.18046127303078074,
            0.27764104333289963
        ],
        "A4": [
            0.11141032662317621,
            0.1372081026969925,
            0.06551944702747024
        ],
        "A5": [
            0.24548680279087087,
            0.22317586471376366,
            0.3907059429817622
        ],
        "A6": [
            0.2684943088671454,
            0.4693883443008164,
            0.4052460164135877
        ],
        "B1": [
            0.45053902321075945,
            0.20224598318525078,
            0.0
        ],
        "B2": [
            0.09353479798211653,
            0.11876902005284332,
            0.26082802965506685
        ],
        "B3": [
            0.3360545300361482,
            0.09486393993437994,
            0.07075132120173837
        ],
        "B4": [
            0.09486412391903853,
            0.053542048084856964,
            0.14626625592338008
        ],
        "B5": [
            0.3562809359658058,
            0.49602380967084764,
            0.020205433425472135
        ],
        "B6": [
            0.5384915322251161,
            0.3752603850977862,
            0.0
        ],
        "C1": [
            0.04460881921962266,
            0.0632186426858054,
            0.1559662147048586
        ],
        "C2": [
            0.130737779795404,
            0.27051544453668397,
            0.08539395722703813
        ],
        "C3": [
            0.2727113001118076,
            0.05467721906313678,
            0.0
        ],
        "C4": [
            0.6853142578097691,
            0.6176487300255908,
            0.0
        ],
        "C5": [
            0.36328910815418547,
            0.11662835858806478,
            0.2763804802963057
        ],
        "C6": [
            0.09000177923140412,
            0.21375866176857342,
            0.2541585754767075
        ],
        "D1": [
            0.879165920857379,
            0.883943418357405,
            0.8406780578445374
        ],
        "D2": [
            0.5708342944193665,
            0.5723387774241679,
            0.5972993532252623
        ],
        "D3": [
            0.35537963016651164,
            0.35611157275959066,
            0.39009717921623444
        ],
        "D4": [
            0.17975842870336325,
            0.17605848481582967,
            0.2016887428931899
        ],
        "D5": [
            0.0832645097215733,
            0.08141016848619209,
            0.0984753582111175
        ],
        "D6": [
            0.031623485092584946,
            0.03162288116308119,
            0.032392512787790276
        ]
    }
}