{
    "description": "Kodak Vision3 200T 电影胶片 - 钨丝灯型，ISO 200，电影级",
    "film_type": "kodak_vision3_200t",
    "color_space": "胶片敏感度响应空间",
    "processing": "ColorChecker光谱内积 + 密度矩阵变换 + RGB三通道增益调整",
    "white_reference": "white 9.5色块调整至[0.8791659, 0.8839434, 0.8406781]",
    "gains": {
        "r": 0.0007370918437925855,
        "g": 0.0009288473585713114,
        "b": 0.0002496420887419244
    },
    "data": {
        "A1": [
            0.13912037874609604,
            0.0906301287650902,
            0.06756759808016369
        ],
        "A2": [
            0.5298719515323209,
            0.2960526057056376,
            0.23355478175623845
        ],
        "A3": [
            0.12510123328601866,
            0.2127323651521912,
            0.3326605640241477
        ],
        "A4": [
            0.0957463846041087,
            0.16293261230759715,
            0.07109709918469978
        ],
        "A5": [
            0.24722640204326857,
            0.25152213580898486,
            0.44889401822994196
        ],
        "A6": [
            0.20842627612345058,
            0.5024361530238213,
            0.4127710912897646
        ],
        "B1": [
            0.5612887154904711,
            0.2210067069051126,
            0.06925067825334903
        ],
        "B2": [
            0.08078930130604572,
            0.13675817743808194,
            0.3891725660058281
        ],
        "B3": [
            0.48458276131764216,
            0.11295492611360071,
            0.15209252988419836
        ],
        "B4": [
            0.111100219912811,
            0.06504814038603762,
            0.17979960843850126
        ],
        "B5": [
            0.30535784123625453,
            0.46795027655330823,
            0.09459513996253793
        ],
        "B6": [
            0.5910720010795432,
            0.37200112842579747,
            0.08130140875011752
        ],
        "C1": [
            0.03566490161283878,
            0.072690272058371,
            0.27749175059304854
        ],
        "C2": [
            0.09211086163017544,
            0.28437303575534095,
            0.08291147861959333
        ],
        "C3": [
            0.4391596370941336,
            0.0674775110440609,
            0.058819664541582044
        ],
        "C4": [
            0.7039600468387774,
            0.5468706780617785,
            0.08520985842869241
        ],
        "C5": [
            0.5164863167441118,
            0.12805463358654326,
            0.3427068833062051
        ],
        "C6": [
            0.06038927454999725,
            0.24486741628910047,
            0.34776079887951006
        ],
        "D1": [
            0.8791659,
            0.8839434,
            0.8406781000000001
        ],
        "D2": [
            0.5611359597069348,
            0.6019542595745229,
            0.6035059041715992
        ],
        "D3": [
            0.3425826602145955,
            0.3946502659559656,
            0.400679145233973
        ],
        "D4": [
            0.1697538044848426,
            0.21062061350903263,
            0.21343438024616268
        ],
        "D5": [
            0.07634794964060378,
            0.10583238623167417,
            0.10815005523128148
        ],
        "D6": [
            0.026305933589518896,
            0.03994421733771927,
            0.04078880206626776
        ]
    }
}