{
    "description": "Kodak Vision3 250D 电影胶片 - 日光型，ISO 250，电影级",
    "film_type": "kodak_vision3_250d",
    "color_space": "胶片敏感度响应空间",
    "processing": "ColorChecker光谱内积 + 密度矩阵变换 + RGB三通道增益调整",
    "white_reference": "white 9.5色块调整至[0.8791659, 0.8839434, 0.8406781]",
    "gains": {
        "r": 0.00047102519676633323,
        "g": 0.001070282304241332,
        "b": 0.0005704437431932553
    },
    "data": {
        "A1": [
            0.14272794547373074,
            0.09065675120132505,
            0.06885185999754086
        ],
        "A2": [
            0.5454350984962602,
            0.29657857157253337,
            0.23701061007752766
        ],
        "A3": [
            0.12977921337672474,
            0.21640895449548558,
            0.3351700612473382
        ],
        "A4": [
            0.09505682051412936,
            0.16195911121725004,
            0.07238823509550668
        ],
        "A5": [
            0.2616639370336615,
            0.2566389194606038,
            0.45212760636100574
        ],
        "A6": [
            0.20802457333099178,
            0.5038576197286776,
            0.4171231934714163
        ],
        "B1": [
            0.5581669171011406,
            0.21798025547536437,
            0.07043525743991902
        ],
        "B2": [
            0.08966459834492675,
            0.14276364609076164,
            0.39069126662878295
        ],
        "B3": [
            0.49211504051853494,
            0.11479340231405331,
            0.1549332082969263
        ],
        "B4": [
            0.12771444172118837,
            0.06854740051720228,
            0.1839426364798994
        ],
        "B5": [
            0.2985508240253098,
            0.46288940026519937,
            0.09636317192288715
        ],
        "B6": [
            0.5833118127905651,
            0.36589368727940047,
            0.08288843243653261
        ],
        "C1": [
            0.03942750516579799,
            0.07744548650924668,
            0.27756008425423373
        ],
        "C2": [
            0.08942238042396448,
            0.282990096593611,
            0.08446469947927178
        ],
        "C3": [
            0.4606725513089099,
            0.06773734255839649,
            0.05998408057489051
        ],
        "C4": [
            0.6961820542818409,
            0.5390175997067596,
            0.08676783472779524
        ],
        "C5": [
            0.5547073823361085,
            0.13331663363191118,
            0.3462747451159554
        ],
        "C6": [
            0.06402965106299169,
            0.2496987873564941,
            0.35069398574710015
        ],
        "D1": [
            0.8791659,
            0.8839434000000002,
            0.8406781
        ],
        "D2": [
            0.5607317835440826,
            0.6031857083026421,
            0.6062661232270655
        ],
        "D3": [
            0.3420340706834257,
            0.3960728353128782,
            0.40399971895477443
        ],
        "D4": [
            0.1692397622695872,
            0.2117312447315274,
            0.21594457161019515
        ],
        "D5": [
            0.0762669410726963,
            0.10662757207940997,
            0.10971032166164707
        ],
        "D6": [
            0.02646927500307203,
            0.04035044622883099,
            0.0415429801162101
        ]
    }
}