{
    "description": "胶片 kodak_ektar_100 模拟的ColorChecker 24色块在ACEScg色彩空间的RGB值",
    "color_space": "ACEScg (AP1 primaries, D60 white point)",
    "conversion_path": "胶片光谱特性 → 密度变换 → ACEScg RGB",
    "film_type": "kodak_ektar_100",
    "optimization_loss": 5.478457810542402,
    "data": {
        "A1": [
            0.12315452720552938,
            0.06957414863328261,
            0.04174804314179541
        ],
        "A2": [
            0.4648962211847478,
            0.2715593094353953,
            0.1404301862661955
        ],
        "A3": [
            0.14398164958399043,
            0.18399118546002896,
            0.29658283930389806
        ],
        "A4": [
            0.11120826626043914,
            0.13754500592051128,
            0.05908382658425866
        ],
        "A5": [
            0.25220123527225724,
            0.2268876564421685,
            0.4122851991081566
        ],
        "A6": [
            0.2681188563903289,
            0.4805867471138606,
            0.4143578892873144
        ],
        "B1": [
            0.45200996592075376,
            0.20122471509704148,
            0.0
        ],
        "B2": [
            0.09518509429556371,
            0.12130953885143773,
            0.29269450435619354
        ],
        "B3": [
            0.3246812068065994,
            0.09137811202195133,
            0.05959412869226606
        ],
        "B4": [
            0.10073316145678625,
            0.05487272668916835,
            0.1535298533020888
        ],
        "B5": [
            0.3663783852516939,
            0.4988171201725323,
            0.0
        ],
        "B6": [
            0.5524862608540426,
            0.37678794698435103,
            0.0
        ],
        "C1": [
            0.04340445658578859,
            0.06401996245499833,
            0.1784981249331983
        ],
        "C2": [
            0.12940858915703515,
            0.27145790225555655,
            0.07525675236749976
        ],
        "C3": [
            0.26473211555956394,
            0.05080078842954715,
            0.0
        ],
        "C4": [
            0.7170518993779147,
            0.6179014037107312,
            0.0
        ],
        "C5": [
            0.36660116865086245,
            0.11511681069490215,
            0.27998492396484337
        ],
        "C6": [
            0.08720034567442325,
            0.2157542055496149,
            0.27783866592175754
        ],
        "D1": [
            0.9042615657927233,
            0.9088534308737907,
            0.8182015889181131
        ],
        "D2": [
            0.5808667626051717,
            0.5877902513774557,
            0.589178951829368
        ],
        "D3": [
            0.35758084277328345,
            0.3644137881774292,
            0.38820777586517546
        ],
        "D4": [
            0.1779398187386135,
            0.17886655161560278,
            0.2030641174089942
        ],
        "D5": [
            0.0811098971930071,
            0.08202291325683135,
            0.10074993148335645
        ],
        "D6": [
            0.03162348214969947,
            0.03162288072876056,
            0.03238931550544928
        ]
    }
}