{
    "description": "从图像中提取的色卡数据 - 2025-09-02 17:47",
    "color_space": "ACEScg (AP1 primaries, D60 white point)",
    "conversion_path": "直接从原图像读取RGB值（假设为ACEScg）",
    "data": {
        "A1": [
            0.18340201675891876,
            0.16261909902095795,
            0.15135477483272552
        ],
        "A2": [
            0.10903393477201462,
            0.08423171937465668,
            0.07694897055625916
        ],
        "A3": [
            0.19849281013011932,
            0.0998191311955452,
            0.06466052681207657
        ],
        "A4": [
            0.2151559591293335,
            0.12208063900470734,
            0.15155044198036194
        ],
        "A5": [
            0.1484484076499939,
            0.09448526054620743,
            0.056872766464948654
        ],
        "A6": [
            0.17724229395389557,
            0.0658988282084465,
            0.054668210446834564
        ],
        "B1": [
            0.10240011662244797,
            0.10500611364841461,
            0.15814237296581268
        ],
        "B2": [
            0.24099160730838776,
            0.12519429624080658,
            0.06216929107904434
        ],
        "B3": [
            0.10995341092348099,
            0.1371922641992569,
            0.10308574140071869
        ],
        "B4": [
            0.18878892064094543,
            0.1894812434911728,
            0.10370422899723053
        ],
        "B5": [
            0.1295255571603775,
            0.06677545607089996,
            0.12110635638237
        ],
        "B6": [
            0.10123895853757858,
            0.07754917442798615,
            0.1408594250679016
        ],
        "C1": [
            0.3209910988807678,
            0.17446200549602509,
            0.08012720942497253
        ],
        "C2": [
            0.2163696438074112,
            0.08863484114408493,
            0.12887586653232574
        ],
        "C3": [
            0.10869809985160828,
            0.19771090149879456,
            0.1674126833677292
        ],
        "C4": [
            0.10357318818569183,
            0.06724230200052261,
            0.13480590283870697
        ],
        "C5": [
            0.1104431226849556,
            0.12242869287729263,
            0.06750021874904633
        ],
        "C6": [
            0.24923226237297058,
            0.0933886244893074,
            0.05944076552987099
        ],
        "D1": [
            0.09762968868017197,
            0.048252712935209274,
            0.036477457731962204
        ],
        "D2": [
            0.11258293688297272,
            0.05810439959168434,
            0.04352809488773346
        ],
        "D3": [
            0.13525155186653137,
            0.07283946126699448,
            0.05677257478237152
        ],
        "D4": [
            0.17647472023963928,
            0.10149490833282471,
            0.08255332708358765
        ],
        "D5": [
            0.243902325630188,
            0.1512915939092636,
            0.1253311038017273
        ],
        "D6": [
            0.3384261727333069,
            0.24723182618618011,
            0.19119910895824432
        ]
    }
}