{
    "description": "Fujifilm C200 彩色负片 - 日光型，ISO 200，适合日常拍摄",
    "film_type": "fujifilm_c200",
    "color_space": "胶片敏感度响应空间",
    "processing": "ColorChecker光谱内积 + 密度矩阵变换 + RGB三通道增益调整",
    "white_reference": "white 9.5色块调整至[0.8913, 0.8913, 0.8913]",
    "gains": {
        "r": 0.0063054334139469445,
        "g": 0.00849510472106053,
        "b": 0.004945273978222834
    },
    "data": {
        "A1": [
            0.1336873674135779,
            0.09225345276911037,
            0.07159561777047675
        ],
        "A2": [
            0.5091331040030928,
            0.2991247793088206,
            0.2610218647150215
        ],
        "A3": [
            0.12599581710302343,
            0.21439937204492557,
            0.345538745935138
        ],
        "A4": [
            0.09919578642666034,
            0.16332711647678533,
            0.07801343729903719
        ],
        "A5": [
            0.23674338259281497,
            0.2552677765227726,
            0.4591172388448897
        ],
        "A6": [
            0.2225275783589942,
            0.5001678407557633,
            0.45786717422772266
        ],
        "B1": [
            0.5589278701175011,
            0.2285000175195827,
            0.07657361819573466
        ],
        "B2": [
            0.0786178059367621,
            0.14118464833042293,
            0.3953075555703977
        ],
        "B3": [
            0.45602160305397715,
            0.11764155285146463,
            0.15541804005938697
        ],
        "B4": [
            0.09641642235290308,
            0.06727991348402403,
            0.17456282606441922
        ],
        "B5": [
            0.32301799302916373,
            0.46715047710843666,
            0.10936532132859154
        ],
        "B6": [
            0.5995104127240459,
            0.38202219984084196,
            0.08987540971457367
        ],
        "C1": [
            0.03494668971203295,
            0.07638959308804881,
            0.28051392120239665
        ],
        "C2": [
            0.10128919870361709,
            0.27921324673071457,
            0.09764239516649166
        ],
        "C3": [
            0.38735742867492495,
            0.07273149778061894,
            0.06265870102802043
        ],
        "C4": [
            0.7118037751532776,
            0.5519816070196013,
            0.09426354145283171
        ],
        "C5": [
            0.46073066288416514,
            0.13527713047491763,
            0.3379191384251049
        ],
        "C6": [
            0.062262233568570156,
            0.242299297778956,
            0.3827479848727668
        ],
        "D1": [
            0.8913,
            0.8913,
            0.8913
        ],
        "D2": [
            0.5702014577192915,
            0.606844960105751,
            0.6339620439173865
        ],
        "D3": [
            0.34907646332573555,
            0.39773471759904017,
            0.41963601979638226
        ],
        "D4": [
            0.17346230123178372,
            0.21230992646853675,
            0.22311796125529731
        ],
        "D5": [
            0.0780560737769279,
            0.10663627023739138,
            0.11292532797082487
        ],
        "D6": [
            0.026660128285588156,
            0.040264990021368664,
            0.04260161430439496
        ]
    }
}