{
    "description": "Fujifilm Xtra 400 彩色负片 - 日光型，ISO 400，色彩鲜艳",
    "film_type": "fujifilm_xtra_400",
    "color_space": "胶片敏感度响应空间",
    "processing": "ColorChecker光谱内积 + 密度矩阵变换 + RGB三通道增益调整",
    "white_reference": "white 9.5色块调整至[0.8913, 0.8913, 0.8913]",
    "gains": {
        "r": 0.007396120113249802,
        "g": 0.008801547747129034,
        "b": 0.005301091512997001
    },
    "data": {
        "A1": [
            0.12926128558050645,
            0.09010678299580001,
            0.06521378996674382
        ],
        "A2": [
            0.4950091560431849,
            0.2920054932717263,
            0.2485944040660672
        ],
        "A3": [
            0.12537813201837736,
            0.2125971517730594,
            0.33533276581918536
        ],
        "A4": [
            0.09996858972567944,
            0.16663364555641574,
            0.07194796998774888
        ],
        "A5": [
            0.22936949160867431,
            0.2508328859408503,
            0.4475262743710939
        ],
        "A6": [
            0.22772497065267044,
            0.5061594976295269,
            0.4453074079168416
        ],
        "B1": [
            0.5531949896099249,
            0.2185443311077042,
            0.07115375143803902
        ],
        "B2": [
            0.07667982078537763,
            0.13566331825335612,
            0.3874031850568318
        ],
        "B3": [
            0.43988878832932526,
            0.1089789469615344,
            0.14208922871645868
        ],
        "B4": [
            0.08756997047447682,
            0.06445147854375448,
            0.1572328070308874
        ],
        "B5": [
            0.3289184984696674,
            0.4787178529848748,
            0.10134704896851374
        ],
        "B6": [
            0.5992745735250534,
            0.3810369629556228,
            0.08276223181880785
        ],
        "C1": [
            0.034255578001343344,
            0.0714721422633956,
            0.2778700554581611
        ],
        "C2": [
            0.10487687551954517,
            0.2876074110295212,
            0.09053126363071577
        ],
        "C3": [
            0.3566969743806046,
            0.0662923910135065,
            0.05689041802437235
        ],
        "C4": [
            0.7099519406434395,
            0.5583793007541155,
            0.08660616774452076
        ],
        "C5": [
            0.42740166839587734,
            0.12402023717289909,
            0.32342420886566975
        ],
        "C6": [
            0.0629618833824895,
            0.24148493348882247,
            0.37568848871766525
        ],
        "D1": [
            0.8913,
            0.8912999999999999,
            0.8913
        ],
        "D2": [
            0.5709206367340259,
            0.6062443829870873,
            0.6253558326124803
        ],
        "D3": [
            0.34997813280551526,
            0.39702012399563086,
            0.4068856008456165
        ],
        "D4": [
            0.17415110017864735,
            0.2115717382219076,
            0.21149553576837152
        ],
        "D5": [
            0.07836123562593274,
            0.10617704685817375,
            0.10465802271440175
        ],
        "D6": [
            0.026637378518002117,
            0.04001279094526094,
            0.03845026040477343
        ]
    }
}