{
    "description": "Kodak Portra 400 专业彩色负片 - 日光型，ISO 400，人像专用",
    "film_type": "kodak_portra_400",
    "color_space": "胶片敏感度响应空间",
    "processing": "ColorChecker光谱内积 + 密度矩阵变换 + RGB三通道增益调整",
    "white_reference": "white 9.5色块调整至[0.8913, 0.8913, 0.8913]",
    "gains": {
        "r": 0.00031874789892791917,
        "g": 0.000727664517453122,
        "b": 0.0004554460193801968
    },
    "data": {
        "A1": [
            0.13567975704695215,
            0.08845750761784196,
            0.0748518894284176
        ],
        "A2": [
            0.5144736119681768,
            0.29842711756098766,
            0.24958825778587468
        ],
        "A3": [
            0.12860508665488976,
            0.2383514560068294,
            0.3619307200759509
        ],
        "A4": [
            0.09874957391284794,
            0.15468995459090493,
            0.0775969038752826
        ],
        "A5": [
            0.2439639336600611,
            0.2867862936683158,
            0.49129377316944217
        ],
        "A6": [
            0.2242173056753008,
            0.5160224582911933,
            0.4388874155725685
        ],
        "B1": [
            0.5500665057121537,
            0.19337966131227827,
            0.074969967113134
        ],
        "B2": [
            0.08199508407234829,
            0.17772248360356777,
            0.4222008994241692
        ],
        "B3": [
            0.4615060434052112,
            0.12010265333399034,
            0.17149781880659032
        ],
        "B4": [
            0.10323807248000194,
            0.08367495309007092,
            0.20918185855012592
        ],
        "B5": [
            0.3181387961680949,
            0.4284483777441819,
            0.10190601080435994
        ],
        "B6": [
            0.5880403271370267,
            0.32543966922512974,
            0.08878810192365777
        ],
        "C1": [
            0.03700264849479503,
            0.10557967377770276,
            0.29898516060832336
        ],
        "C2": [
            0.10120805891909497,
            0.27223421725565866,
            0.08851265639205788
        ],
        "C3": [
            0.40563316608475897,
            0.06767055598933937,
            0.06489922436088451
        ],
        "C4": [
            0.704043531387889,
            0.4856194997218009,
            0.09353871287958741
        ],
        "C5": [
            0.4838513896633335,
            0.1592224301725925,
            0.3846728936274659
        ],
        "C6": [
            0.06653896725780944,
            0.28276299668013133,
            0.36712995253515046
        ],
        "D1": [
            0.8913,
            0.8913,
            0.8913
        ],
        "D2": [
            0.5700581682340017,
            0.6126638272111795,
            0.6499729522187734
        ],
        "D3": [
            0.34877497780458855,
            0.40376674841901433,
            0.4362017524757197
        ],
        "D4": [
            0.17305892927618846,
            0.21620973725455134,
            0.23454349469212243
        ],
        "D5": [
            0.07793324045742091,
            0.10937534488677658,
            0.11964430160037667
        ],
        "D6": [
            0.026717157583780043,
            0.04160100437246232,
            0.04546980395481055
        ]
    }
}