{
    "description": "Kodak Ultramax 400 彩色负片 - 日光型，ISO 400，通用型",
    "film_type": "kodak_ultramax_400",
    "color_space": "胶片敏感度响应空间",
    "processing": "ColorChecker光谱内积 + 密度矩阵变换 + RGB三通道增益调整",
    "white_reference": "white 9.5色块调整至[0.8913, 0.8913, 0.8913]",
    "gains": {
        "r": 0.00024844509241793265,
        "g": 0.0005961685752793701,
        "b": 0.0003574076568277182
    },
    "data": {
        "A1": [
            0.14463372253460524,
            0.09046503765202732,
            0.07015256649555822
        ],
        "A2": [
            0.5487092875986985,
            0.29638018026118373,
            0.24634403519518486
        ],
        "A3": [
            0.13003403236189265,
            0.21988442649231002,
            0.35079177987105203
        ],
        "A4": [
            0.0977552633942808,
            0.16262330623567745,
            0.0741143915475374
        ],
        "A5": [
            0.2616189570811304,
            0.26138546494586173,
            0.47569447397680914
        ],
        "A6": [
            0.21366122188996206,
            0.5077938031450648,
            0.4376281062490181
        ],
        "B1": [
            0.5631674647435133,
            0.2153768099840887,
            0.07222728143748657
        ],
        "B2": [
            0.08745009889323195,
            0.14732795655274297,
            0.4083934550688032
        ],
        "B3": [
            0.4897154961795798,
            0.11448339511354057,
            0.15881660606909354
        ],
        "B4": [
            0.12670595093190665,
            0.07034161958975338,
            0.1897005616725239
        ],
        "B5": [
            0.30934209987675243,
            0.4628302952808039,
            0.09917465324037603
        ],
        "B6": [
            0.592408785350548,
            0.36547480028756457,
            0.08478459631687241
        ],
        "C1": [
            0.03756424364632658,
            0.0809599637267289,
            0.2905496544925406
        ],
        "C2": [
            0.09439884713508691,
            0.28278527633713924,
            0.08701786343462668
        ],
        "C3": [
            0.46193872181987683,
            0.06737936702612563,
            0.06091697847490234
        ],
        "C4": [
            0.7112741666133361,
            0.5375589425737035,
            0.08859018331850928
        ],
        "C5": [
            0.5542244123104504,
            0.13601903530093454,
            0.3637591060266013
        ],
        "C6": [
            0.06379776179452674,
            0.2532271814847351,
            0.36757042267220275
        ],
        "D1": [
            0.8912999999999999,
            0.8913,
            0.8912999999999999
        ],
        "D2": [
            0.5676674548678808,
            0.6085169305135067,
            0.6405441989851778
        ],
        "D3": [
            0.34594033532376095,
            0.3993998484500541,
            0.42373842764317543
        ],
        "D4": [
            0.1709508323607367,
            0.2132504289484022,
            0.22399737893371421
        ],
        "D5": [
            0.07693124561465647,
            0.10727783488211293,
            0.11249775024402066
        ],
        "D6": [
            0.02664987850475713,
            0.04054704515160416,
            0.04208574714134952
        ]
    }
}