{
    "description": "Kodak Vision3 250D 电影胶片 - 日光型，ISO 250，电影级",
    "film_type": "kodak_vision3_250d",
    "color_space": "胶片敏感度响应空间",
    "processing": "ColorChecker光谱内积 + 密度矩阵变换 + RGB三通道增益调整",
    "white_reference": "white 9.5色块调整至[0.8913, 0.8913, 0.8913]",
    "gains": {
        "r": 0.0004775262073720476,
        "g": 0.0010791897057778803,
        "b": 0.0006047933308934156
    },
    "data": {
        "A1": [
            0.14469785259043397,
            0.0914112400700554,
            0.07299781309374907
        ],
        "A2": [
            0.5529631020603923,
            0.29904684037756174,
            0.2512823359643842
        ],
        "A3": [
            0.1315704042691769,
            0.2182100133807505,
            0.3553525131554542
        ],
        "A4": [
            0.09636877877570492,
            0.16330701244891352,
            0.07674713298779287
        ],
        "A5": [
            0.2652753787176032,
            0.2587747913669995,
            0.4793527219866491
        ],
        "A6": [
            0.21089569353169066,
            0.5080509639691526,
            0.4422404988795033
        ],
        "B1": [
            0.5658706430859598,
            0.21979439147935514,
            0.07467655569497983
        ],
        "B2": [
            0.09090213406233479,
            0.14395179347534676,
            0.41421695884100446
        ],
        "B3": [
            0.49890712960337774,
            0.1157487679443228,
            0.16426259772325474
        ],
        "B4": [
            0.12947713498225444,
            0.06911788478875727,
            0.19501884478081938
        ],
        "B5": [
            0.30267137232433455,
            0.46674178737730504,
            0.10216573398887069
        ],
        "B6": [
            0.591362584399862,
            0.3689388296491943,
            0.08787960555970396
        ],
        "C1": [
            0.03997167696594664,
            0.0780900249107483,
            0.2942735193123245
        ],
        "C2": [
            0.09065657309033431,
            0.2853452756068833,
            0.08955078840031025
        ],
        "C3": [
            0.4670306764418768,
            0.06830108513995212,
            0.06359605539432979
        ],
        "C4": [
            0.7057906419953331,
            0.5435035621269809,
            0.091992608220535
        ],
        "C5": [
            0.5623633604035069,
            0.13442615845779537,
            0.36712587174787914
        ],
        "C6": [
            0.06491337754619975,
            0.2517769001622085,
            0.37181121941488665
        ],
        "D1": [
            0.8913,
            0.8913,
            0.8913000000000001
        ],
        "D2": [
            0.5684709093844983,
            0.6082057084312693,
            0.6427727754919308
        ],
        "D3": [
            0.3467547674450719,
            0.3993691429953184,
            0.42832678703583466
        ],
        "D4": [
            0.1715755810261557,
            0.21349337347754432,
            0.22894779425819076
        ],
        "D5": [
            0.07731956457603077,
            0.10751497776257857,
            0.11631658978273127
        ],
        "D6": [
            0.0268345994882628,
            0.040686261952696354,
            0.04404451380091621
        ]
    }
}