{
    "description": "Kodak Vision3 50D 电影胶片 - 日光型，ISO 50，电影级",
    "film_type": "kodak_vision3_50d",
    "color_space": "胶片敏感度响应空间",
    "processing": "ColorChecker光谱内积 + 密度矩阵变换 + RGB三通道增益调整",
    "white_reference": "white 9.5色块调整至[0.8913, 0.8913, 0.8913]",
    "gains": {
        "r": 0.004023688683199233,
        "g": 0.006672185659574349,
        "b": 0.0035624927952401706
    },
    "data": {
        "A1": [
            0.143507761898378,
            0.09041958049984733,
            0.06885257748707665
        ],
        "A2": [
            0.544212460000678,
            0.29677040560895057,
            0.24642074731965985
        ],
        "A3": [
            0.12723336140815633,
            0.21544817914693015,
            0.3481069920298285
        ],
        "A4": [
            0.09677782894919996,
            0.16509827102855135,
            0.07315505926271271
        ],
        "A5": [
            0.2547463259984815,
            0.2543388425403856,
            0.46843348281199904
        ],
        "A6": [
            0.20828714038244164,
            0.5099642012207066,
            0.43903478401109475
        ],
        "B1": [
            0.5720032913960734,
            0.2174953394422291,
            0.07165863506950162
        ],
        "B2": [
            0.08283113585245305,
            0.13883683045042464,
            0.40768511623487996
        ],
        "B3": [
            0.4961072993422048,
            0.11276274054314804,
            0.15444111371088048
        ],
        "B4": [
            0.11688379875651204,
            0.06562276101024704,
            0.17915161880190164
        ],
        "B5": [
            0.3071468523166022,
            0.47283928565614836,
            0.09718063007504776
        ],
        "B6": [
            0.6000866869125975,
            0.3713713126047484,
            0.08352310130662906
        ],
        "C1": [
            0.036326253481066835,
            0.07383626638320137,
            0.29168212287984413
        ],
        "C2": [
            0.09145109413919852,
            0.28879783971375445,
            0.08574151403365389
        ],
        "C3": [
            0.4558504668516922,
            0.0673346767978843,
            0.06003433042862781
        ],
        "C4": [
            0.7153342134478323,
            0.5486018907143486,
            0.08625974793299043
        ],
        "C5": [
            0.5388100861896785,
            0.12824256585631374,
            0.3511752805031661
        ],
        "C6": [
            0.060098443783853504,
            0.25026192144132736,
            0.3724228949716229
        ],
        "D1": [
            0.8913,
            0.8913,
            0.8913
        ],
        "D2": [
            0.5683376755363749,
            0.606818780119908,
            0.635787078270692
        ],
        "D3": [
            0.3466826206334115,
            0.3976988245815705,
            0.41912472861502603
        ],
        "D4": [
            0.1716436381642527,
            0.21205967306087978,
            0.22097977538626892
        ],
        "D5": [
            0.07717854412334034,
            0.10652216520626306,
            0.11071622175984261
        ],
        "D6": [
            0.02664775161997319,
            0.04018106933107836,
            0.041264457084758704
        ]
    }
}