{
    "description": "ColorChecker 24色块在ACEScg色彩空间的RGB值",
    "color_space": "ACEScg (AP1 primaries, D60 white point)",
    "conversion_path": "Lab(D50) → XYZ(D50) → XYZ(D60) [Bradford] → ACEScg RGB",
    "film_profile": "kodak_portra_800_auc",
    "paper_profile": "kodak_endura_premier_uc",
    "export_timestamp": "2025-09-08T17:22:28.743569",
    "processing_time_seconds": 0.0,
    "data": {
        "A1": [
            0.12516101894699,
            0.037018964670833,
            0.012873062885025
        ],
        "A2": [
            0.584769633844204,
            0.376154242486877,
            0.25501073456651
        ],
        "A3": [
            0.122460873002796,
            0.189306941217579,
            0.399324308316249
        ],
        "A4": [
            0.081178023507406,
            0.098512023359818,
            0.021415575651479
        ],
        "A5": [
            0.331723108067742,
            0.281920965372081,
            0.533774927881911
        ],
        "A6": [
            0.314510463874684,
            0.547325307199636,
            0.593328545436359
        ],
        "B1": [
            0.537757112840924,
            0.220725175091604,
            0.024645103172196
        ],
        "B2": [
            0.049372290496819,
            0.065866966661373,
            0.398185849980623
        ],
        "B3": [
            0.373734163648334,
            0.068365247590381,
            0.059766929608075
        ],
        "B4": [
            0.077225508841783,
            0.022164209233143,
            0.080172790480386
        ],
        "B5": [
            0.51112996064604,
            0.477014612265077,
            0.052933370593824
        ],
        "B6": [
            0.658877601496848,
            0.417678551348495,
            0.036903974265488
        ],
        "C1": [
            0.015257766019006,
            0.013937657797822,
            0.243105457232878
        ],
        "C2": [
            0.098072238629535,
            0.224775140696417,
            0.040740106060155
        ],
        "C3": [
            0.32856212737111,
            0.038821398635446,
            0.010519813572128
        ],
        "C4": [
            0.739462832516159,
            0.535171795454658,
            0.042234461443922
        ],
        "C5": [
            0.399971469159904,
            0.079660213744263,
            0.291117087400308
        ],
        "C6": [
            0.042103835362424,
            0.201444383885443,
            0.456767194103935
        ],
        "D1": [
            0.808584074722226,
            0.818558353417769,
            0.832057918313952
        ],
        "D2": [
            0.697337980716637,
            0.707478636399155,
            0.734097978135032
        ],
        "D3": [
            0.503143270208094,
            0.512741758357068,
            0.535518343948198
        ],
        "D4": [
            0.199524223102813,
            0.199527334612267,
            0.199525319924728
        ],
        "D5": [
            0.036169407090353,
            0.037114334417714,
            0.036798281066875
        ],
        "D6": [
            0.00480211650871,
            0.005992450528672,
            0.005479172642251
        ]
    }
}