{
    "description": "ColorChecker 24色块在ACEScg色彩空间的RGB值",
    "color_space": "ACEScg (AP1 primaries, D60 white point)",
    "conversion_path": "Lab(D50) → XYZ(D50) → XYZ(D60) [Bradford] → ACEScg RGB",
    "film_profile": "kodak_vision3_50d_uc",
    "paper_profile": "kodak_2383_uc",
    "export_timestamp": "2025-09-08T22:16:10.247157",
    "processing_time_seconds": 0.0,
    "data": {
        "A1": [
            0.12252095877383,
            0.053351522793917,
            0.017415891852844
        ],
        "A2": [
            0.473396472447555,
            0.331592907986503,
            0.240869462684325
        ],
        "A3": [
            0.120197386829607,
            0.174371931765688,
            0.310296792849966
        ],
        "A4": [
            0.085966815054149,
            0.119111593073124,
            0.028349277480448
        ],
        "A5": [
            0.300179039800268,
            0.247783638487068,
            0.411431363466375
        ],
        "A6": [
            0.298979482626158,
            0.465552758418307,
            0.454076412297643
        ],
        "B1": [
            0.444068216522561,
            0.229185635293784,
            0.027417966613172
        ],
        "B2": [
            0.047325493887073,
            0.069702252938442,
            0.294095590478646
        ],
        "B3": [
            0.308170052162345,
            0.085477920429388,
            0.078572932615174
        ],
        "B4": [
            0.063937151461655,
            0.021754214985622,
            0.085736141624996
        ],
        "B5": [
            0.442547799301433,
            0.436999573640278,
            0.058963691466317
        ],
        "B6": [
            0.532162444542957,
            0.381947944449618,
            0.039994642935492
        ],
        "C1": [
            0.013469516548382,
            0.014225788493276,
            0.17204646342691
        ],
        "C2": [
            0.095519939454974,
            0.219440067655527,
            0.048610199036828
        ],
        "C3": [
            0.242948708479728,
            0.04005274589804,
            0.010526861506058
        ],
        "C4": [
            0.596989343141485,
            0.479079755995314,
            0.043649179684177
        ],
        "C5": [
            0.321181524622303,
            0.089862495427796,
            0.244878303480216
        ],
        "C6": [
            0.041614651460888,
            0.172766523249182,
            0.32908536496217
        ],
        "D1": [
            0.664952462686456,
            0.699147604432957,
            0.723810754315284
        ],
        "D2": [
            0.567170012061762,
            0.578704686909565,
            0.58228190150403
        ],
        "D3": [
            0.430823937672676,
            0.422713874026803,
            0.415840337285924
        ],
        "D4": [
            0.199526177284269,
            0.19952228383338,
            0.199524253533637
        ],
        "D5": [
            0.0418275686611,
            0.053639211841026,
            0.053475826573795
        ],
        "D6": [
            0.005320826086136,
            0.005166466144359,
            0.004401528319413
        ]
    }
}