{
    "description": "ColorChecker 24色块在ACEScg色彩空间的RGB值",
    "color_space": "ACEScg (AP1 primaries, D60 white point)",
    "conversion_path": "Lab(D50) → XYZ(D50) → XYZ(D60) [Bradford] → ACEScg RGB",
    "film_profile": "kodak_ultramax_400_auc",
    "paper_profile": "kodak_endura_premier_uc",
    "export_timestamp": "2025-09-08T17:16:29.070000",
    "processing_time_seconds": 0.0,
    "data": {
        "A1": [
            0.125023472664293,
            0.036986565769669,
            0.0128038767939
        ],
        "A2": [
            0.584589032214094,
            0.374218444929383,
            0.255610852392843
        ],
        "A3": [
            0.121073022764237,
            0.184149581948338,
            0.403118070665383
        ],
        "A4": [
            0.082229659977559,
            0.102303482876282,
            0.021881170628429
        ],
        "A5": [
            0.331111436134957,
            0.274334115595242,
            0.536714154076677
        ],
        "A6": [
            0.322092261643795,
            0.554865846403727,
            0.606310824618612
        ],
        "B1": [
            0.540891885063818,
            0.224982290299209,
            0.025377588562833
        ],
        "B2": [
            0.047330550709322,
            0.058986445450376,
            0.39080378886556
        ],
        "B3": [
            0.370583786229031,
            0.066589821176588,
            0.055887641826507
        ],
        "B4": [
            0.077454961249727,
            0.021915970007383,
            0.0727167786092
        ],
        "B5": [
            0.522769871932801,
            0.490321311763731,
            0.054589296597177
        ],
        "B6": [
            0.668096760505724,
            0.433536195004528,
            0.038920692082836
        ],
        "C1": [
            0.01485078315761,
            0.012262668133627,
            0.23577662851698
        ],
        "C2": [
            0.101692096324566,
            0.231952403497574,
            0.040735066466156
        ],
        "C3": [
            0.328608164233027,
            0.038785513976439,
            0.010415892998006
        ],
        "C4": [
            0.747849944380931,
            0.549101083787321,
            0.044373927076132
        ],
        "C5": [
            0.394419726728943,
            0.074544419480499,
            0.288371949904659
        ],
        "C6": [
            0.042167934521038,
            0.196383489521348,
            0.458134455063728
        ],
        "D1": [
            0.811752161925105,
            0.82225984665724,
            0.836258922106793
        ],
        "D2": [
            0.701029803618961,
            0.713081180644482,
            0.743835272413514
        ],
        "D3": [
            0.506344542326924,
            0.517819441861595,
            0.550862161587759
        ],
        "D4": [
            0.199528043547313,
            0.199525192653756,
            0.199527122897703
        ],
        "D5": [
            0.034832014317013,
            0.036404998264433,
            0.03428748038065
        ],
        "D6": [
            0.004713875353685,
            0.005980326777836,
            0.005310366575259
        ]
    }
}